id,equipment_id,timestamp,temperature,vibration,power_consumption,oil_level,pressure,humidity,efficiency,usage_hours,error_code
1,8,2025-09-14 08:21:58,36.79,0.261,196.99,51.5,9.77,35.8,91.27,8.0,101
2,6,2025-09-16 04:11:58,43.31,0.118,145.64,42.7,3.36,50.0,80.3,2.9,102
3,19,2025-09-20 11:16:58,33.07,0.117,195.99,64.7,8.25,68.6,86.94,3.75,0
4,22,2025-09-24 05:56:58,32.48,0.247,123.81,46.2,8.12,59.3,82.46,6.54,102
5,6,2025-09-09 09:07:58,28.4,0.127,53.98,23.5,8.8,62.7,88.52,7.49,101
6,25,2025-08-28 13:37:58,33.89,0.237,116.44,90.2,9.13,53.9,85.34,3.93,101
7,19,2025-09-02 08:46:58,41.34,0.256,153.54,34.3,1.26,36.4,90.58,5.56,0
8,19,2025-08-26 10:10:58,36.67,0.241,97.27,24.7,1.44,52.9,89.16,6.21,0
9,22,2025-09-19 21:01:58,44.14,0.246,114.87,71.1,7.13,52.3,85.79,6.94,0
10,22,2025-09-21 22:34:58,33.8,0.193,166.22,73.8,7.82,60.2,83.93,2.04,0
11,24,2025-09-01 21:42:58,38.49,0.111,155.09,47.3,1.48,40.2,91.68,1.37,0
12,6,2025-09-22 03:09:58,36.46,0.208,85.45,37.2,5.81,31.5,86.34,5.78,102
13,10,2025-08-26 18:11:58,27.78,0.027,45.34,87.2,4.15,64.8,96.35,3.1,103
14,9,2025-09-24 03:55:58,24.57,0.054,48.99,91.7,9.79,67.2,94.93,2.41,0
15,13,2025-09-15 19:15:58,53.26,0.497,286.19,41.9,7.81,68.0,72.63,2.22,0
16,10,2025-09-08 09:29:58,25.1,0.057,48.57,63.7,6.87,60.6,92.0,2.81,103
17,7,2025-09-15 15:21:58,28.87,0.102,154.08,97.4,9.25,46.1,93.81,1.82,102
18,7,2025-09-10 01:00:58,30.7,0.245,116.03,45.2,7.66,63.3,82.88,0.68,0
19,2,2025-09-10 18:22:58,45.21,0.365,260.44,34.2,6.06,68.2,67.78,3.28,102
20,18,2025-09-19 07:24:58,35.06,0.203,123.26,40.3,8.42,31.8,94.77,7.59,0
21,16,2025-09-09 21:04:58,70.28,0.888,479.41,62.3,9.5,35.3,40.6,1.18,103
22,11,2025-09-21 02:04:58,43.71,0.152,62.82,92.3,6.02,33.2,93.55,1.9,0
23,24,2025-09-24 03:54:58,31.28,0.178,114.33,79.7,8.81,31.8,91.09,2.22,102
24,13,2025-09-20 09:06:58,51.02,0.424,277.4,70.7,5.78,61.9,69.34,3.25,0
25,4,2025-09-14 05:59:58,33.27,0.162,125.69,56.4,1.89,39.7,85.03,7.18,0
26,22,2025-09-05 13:46:58,36.77,0.248,128.89,94.8,9.81,41.0,84.67,0.89,0
27,6,2025-08-29 01:45:58,29.8,0.28,75.82,72.2,1.54,60.2,86.02,6.14,102
28,17,2025-09-23 04:29:58,43.75,0.258,181.19,83.5,2.23,67.2,93.35,3.01,103
29,3,2025-08-29 14:07:58,35.29,0.243,152.42,50.5,9.7,45.9,94.46,7.33,0
30,14,2025-09-03 12:09:58,28.08,0.062,21.02,75.7,4.78,32.6,96.39,2.25,103
31,9,2025-09-15 01:14:58,23.47,0.014,12.34,46.3,4.79,67.9,94.75,3.45,0
32,17,2025-09-03 20:00:58,44.44,0.149,157.07,36.9,1.45,53.0,94.44,1.69,0
33,5,2025-09-16 13:24:58,41.05,0.218,74.68,61.4,5.01,63.8,88.13,7.62,101
34,22,2025-09-05 09:02:58,40.66,0.151,104.74,55.8,1.34,54.4,83.87,7.11,0
35,19,2025-09-26 01:30:58,28.0,0.264,68.4,92.8,7.76,43.7,87.41,7.08,103
36,8,2025-09-18 09:03:58,43.49,0.285,79.52,52.3,5.69,59.6,93.09,1.06,102
37,19,2025-09-15 15:42:58,29.73,0.157,158.68,42.5,1.55,66.5,83.66,6.82,0
38,14,2025-08-26 08:39:58,27.02,0.005,27.35,83.8,6.96,36.9,95.89,1.54,0
39,19,2025-09-17 18:34:58,31.96,0.194,75.16,48.1,1.39,31.8,86.88,4.16,102
40,20,2025-09-08 21:20:58,30.68,0.149,59.82,87.7,4.72,55.9,88.63,0.76,103
41,16,2025-09-21 03:12:58,67.08,0.893,383.89,52.1,3.06,45.2,41.38,1.68,102
42,6,2025-09-25 02:55:58,40.77,0.208,102.37,79.2,5.3,49.7,83.37,2.39,0
43,4,2025-08-28 22:53:58,25.34,0.287,50.26,67.4,2.61,45.6,87.3,4.41,102
44,7,2025-09-06 01:10:58,36.61,0.105,55.22,98.2,1.93,40.1,88.49,7.69,101
45,25,2025-09-18 17:07:58,28.86,0.171,178.69,44.2,3.47,33.9,91.22,0.83,0
46,10,2025-09-04 10:52:58,22.52,0.023,33.34,73.7,5.46,38.1,94.21,7.49,103
47,5,2025-09-04 10:01:58,39.72,0.128,140.08,29.3,1.29,44.2,94.32,5.77,103
48,4,2025-09-09 04:50:58,36.01,0.17,53.47,79.9,6.51,61.5,87.73,1.87,0
49,24,2025-08-30 06:22:58,34.95,0.148,150.15,75.7,3.36,64.7,90.62,2.33,101
50,10,2025-08-30 23:51:58,23.67,0.041,38.25,64.5,8.78,69.9,98.04,7.84,101
51,22,2025-09-19 04:39:58,30.35,0.202,94.4,23.6,3.38,38.5,87.6,2.1,103
52,6,2025-09-14 09:46:58,40.53,0.271,152.81,99.7,3.15,62.5,86.03,5.75,103
53,1,2025-09-07 12:17:58,29.11,0.069,19.12,49.5,7.96,47.9,95.33,5.2,101
54,13,2025-09-18 19:52:58,53.94,0.378,228.56,47.6,8.39,34.4,74.52,2.74,0
55,1,2025-09-22 06:43:58,24.61,0.026,29.48,45.0,9.48,35.1,98.19,3.44,0
56,16,2025-08-28 18:39:58,75.08,0.695,390.03,94.6,6.8,63.0,47.59,7.55,0
57,14,2025-09-08 05:52:58,20.49,0.095,12.05,41.4,7.12,63.9,93.9,4.54,0
58,6,2025-09-18 05:41:58,34.42,0.214,178.36,25.3,7.4,51.1,86.88,1.78,0
59,23,2025-09-06 21:39:58,50.81,0.404,219.43,99.1,5.7,67.8,74.89,4.56,0
60,2,2025-09-04 01:34:58,51.57,0.343,288.2,63.2,5.21,51.6,71.05,7.58,102
61,14,2025-08-27 12:30:58,28.42,0.076,21.8,73.0,2.09,52.6,96.07,6.22,0
62,3,2025-09-04 05:50:58,35.54,0.291,187.9,62.6,2.43,60.1,88.94,3.3,101
63,17,2025-09-01 14:32:58,43.88,0.222,196.89,29.5,9.84,69.1,87.93,2.44,0
64,15,2025-09-10 16:42:58,52.56,0.332,284.96,27.0,7.17,45.2,79.83,5.89,0
65,2,2025-09-12 10:58:58,55.82,0.447,247.45,74.9,3.84,58.1,77.69,0.67,0
66,15,2025-09-11 00:28:58,49.58,0.486,211.93,98.3,7.79,69.8,78.02,6.6,0
67,1,2025-09-19 21:57:58,27.88,0.095,42.96,56.1,9.37,58.8,95.46,4.32,101
68,10,2025-08-26 03:31:58,21.85,0.056,29.89,20.4,9.4,62.2,91.51,6.99,102
69,15,2025-08-26 06:37:58,59.15,0.365,259.3,58.9,1.21,64.0,73.78,1.38,101
70,8,2025-09-18 02:37:58,29.18,0.292,123.77,34.2,9.57,44.5,92.87,6.41,0
71,21,2025-08-31 04:57:58,38.93,0.203,174.97,93.6,2.19,51.3,86.78,4.8,0
72,16,2025-09-02 11:14:58,79.35,0.568,421.68,52.0,3.27,59.2,48.79,2.73,0
73,8,2025-09-01 20:46:58,40.15,0.113,88.67,45.1,9.94,35.9,81.16,5.3,0
74,5,2025-08-26 19:39:58,42.87,0.132,65.12,92.7,5.69,35.9,87.94,1.19,0
75,11,2025-09-20 10:54:58,38.61,0.106,93.32,23.9,6.92,60.1,86.4,1.04,101
76,3,2025-09-09 00:48:58,30.76,0.124,53.75,50.0,6.71,47.0,93.87,6.37,0
77,14,2025-09-24 19:27:58,29.34,0.064,13.58,44.1,6.03,66.0,97.02,7.8,0
78,11,2025-09-13 09:12:58,33.11,0.276,124.13,93.1,6.42,66.6,88.9,6.41,103
79,2,2025-09-23 09:23:58,52.88,0.327,220.37,25.9,2.1,53.1,78.82,4.34,0
80,2,2025-08-26 18:56:58,53.84,0.452,299.75,73.3,9.34,58.5,63.1,6.66,101
81,1,2025-09-12 02:20:58,24.52,0.08,48.68,30.5,3.59,52.2,92.99,7.44,0
82,5,2025-08-31 02:53:58,32.72,0.267,109.08,42.7,9.73,36.4,94.82,2.99,103
83,17,2025-08-28 15:19:58,26.46,0.247,173.89,44.2,5.4,58.0,91.79,1.2,0
84,24,2025-09-22 17:15:58,25.63,0.137,89.82,58.1,7.17,54.3,87.37,3.23,0
85,11,2025-09-16 06:07:58,33.78,0.205,123.28,33.3,9.92,53.3,80.47,1.17,0
86,16,2025-09-02 16:50:58,68.84,0.939,303.84,39.9,4.41,32.5,56.67,3.26,101
87,25,2025-09-09 01:17:58,42.81,0.278,69.82,85.1,3.37,32.4,82.69,4.37,0
88,4,2025-09-20 02:20:58,28.24,0.14,165.33,45.9,2.9,40.5,84.62,2.43,0
89,14,2025-09-03 17:16:58,21.04,0.055,35.29,27.8,4.32,53.5,90.77,6.92,102
90,24,2025-09-14 09:57:58,28.05,0.197,190.72,57.4,4.98,31.2,90.87,3.42,103
91,16,2025-09-20 08:45:58,62.99,0.94,369.79,21.9,5.57,65.3,43.27,7.65,0
92,18,2025-09-07 17:40:58,39.95,0.155,111.58,36.5,5.05,31.6,82.82,5.09,0
93,9,2025-08-31 08:23:58,29.96,0.057,31.73,73.1,9.49,52.4,90.03,4.26,103
94,5,2025-08-26 20:29:58,40.61,0.25,166.65,87.0,5.62,54.6,82.88,1.07,0
95,1,2025-09-21 01:35:58,29.49,0.018,13.14,37.9,7.54,48.7,91.52,5.16,0
96,16,2025-09-17 08:54:58,75.19,0.884,420.26,30.5,7.11,47.9,45.43,6.42,0
97,5,2025-09-18 09:32:58,42.41,0.103,69.62,71.9,5.49,60.5,86.66,5.36,0
98,11,2025-09-24 11:14:58,38.31,0.132,55.19,73.6,3.36,30.8,86.12,5.11,102
99,23,2025-09-03 19:18:58,45.34,0.488,297.3,54.1,9.07,38.0,74.24,6.54,0
100,6,2025-09-14 21:53:58,30.98,0.136,190.52,32.4,3.39,62.1,90.69,6.96,102
101,6,2025-08-27 08:27:58,39.39,0.215,80.65,54.8,6.12,41.0,88.59,3.63,103
102,16,2025-09-10 04:04:58,75.59,0.684,323.13,86.9,1.35,37.9,43.7,1.83,0
103,18,2025-09-13 03:37:58,44.18,0.166,190.52,42.8,6.14,65.4,83.21,7.98,0
104,6,2025-09-21 12:09:58,35.77,0.161,145.33,73.7,3.71,38.6,83.93,3.56,0
105,12,2025-08-28 08:59:58,30.21,0.12,85.78,63.0,7.33,56.3,85.34,4.77,103
106,8,2025-08-30 02:17:58,27.22,0.118,193.42,94.5,2.43,54.2,86.32,5.79,0
107,17,2025-09-14 20:01:58,33.53,0.228,120.81,42.6,8.45,47.7,94.07,2.5,0
108,2,2025-09-16 02:42:58,58.15,0.428,287.35,46.4,5.87,51.0,69.03,7.72,0
109,7,2025-09-06 19:53:58,39.44,0.299,121.65,92.1,4.59,62.0,90.72,7.77,0
110,19,2025-09-02 07:45:58,44.72,0.252,189.24,58.8,3.86,30.4,87.64,6.95,103
111,14,2025-09-02 11:37:58,29.32,0.034,30.35,37.7,1.3,55.0,91.14,6.36,102
112,11,2025-09-17 16:50:58,42.4,0.194,140.1,55.3,4.46,50.8,82.42,5.59,101
113,18,2025-08-29 12:05:58,38.06,0.246,91.16,63.9,8.29,44.2,80.05,6.88,101
114,16,2025-08-31 22:47:58,76.67,0.592,374.49,33.2,6.0,63.0,47.82,1.73,0
115,6,2025-08-31 18:42:58,26.55,0.111,189.55,47.2,8.65,46.8,94.96,5.76,101
116,9,2025-09-21 08:46:58,26.55,0.034,33.54,74.9,6.3,65.5,98.57,4.76,0
117,9,2025-08-30 17:10:58,20.9,0.021,35.9,62.2,4.69,60.8,99.33,3.92,0
118,11,2025-09-23 12:19:58,29.33,0.104,147.46,39.3,1.44,51.1,87.04,3.92,0
119,22,2025-09-13 12:32:58,39.08,0.238,84.93,44.2,4.05,63.7,80.77,3.72,0
120,21,2025-09-01 01:40:58,27.75,0.285,85.79,38.9,6.76,33.6,88.76,0.62,0
121,24,2025-09-15 15:16:58,27.25,0.173,92.54,29.1,5.04,37.5,87.14,1.96,103
122,14,2025-09-11 05:58:58,25.97,0.098,34.32,80.9,3.92,48.3,94.21,2.61,0
123,3,2025-09-12 00:32:58,38.57,0.259,60.21,83.3,9.77,52.8,84.6,1.85,101
124,1,2025-09-23 20:56:58,27.4,0.016,44.17,38.3,3.43,30.6,98.94,0.96,0
125,24,2025-08-29 14:00:58,40.64,0.11,138.62,75.1,5.94,47.7,85.37,7.01,103
126,25,2025-09-14 04:42:58,36.01,0.25,192.84,72.9,1.94,31.4,92.2,7.1,0
127,22,2025-09-08 11:30:58,33.92,0.253,91.44,71.9,9.27,67.5,85.32,3.27,0
128,10,2025-09-19 15:58:58,28.71,0.06,15.53,62.7,2.43,44.2,93.1,2.97,103
129,17,2025-09-09 12:27:58,32.64,0.198,174.92,53.2,1.83,30.7,81.58,0.59,0
130,16,2025-09-01 04:46:58,60.34,0.508,448.49,68.7,1.58,47.7,54.76,2.24,103
131,8,2025-08-27 03:37:58,43.06,0.277,145.65,84.2,7.57,37.0,92.21,0.57,101
132,25,2025-09-07 00:30:58,39.94,0.131,111.82,32.5,5.86,33.9,82.66,4.06,0
133,19,2025-09-02 16:34:58,31.25,0.239,142.62,84.4,5.81,65.1,90.5,0.9,0
134,21,2025-09-02 17:58:58,32.96,0.138,188.47,91.0,1.73,42.6,82.68,3.08,103
135,9,2025-08-30 18:23:58,26.13,0.075,48.55,64.3,5.8,38.5,91.29,2.55,0
136,10,2025-09-12 06:59:58,24.45,0.094,38.89,29.2,8.67,53.3,95.12,5.04,0
137,21,2025-09-17 15:42:58,32.3,0.114,62.84,50.8,5.67,43.1,81.72,0.5,102
138,14,2025-08-31 16:38:58,27.15,0.003,41.24,73.9,7.75,38.4,96.62,1.15,0
139,25,2025-09-13 14:45:58,39.16,0.18,117.71,69.9,2.0,40.4,82.18,6.86,103
140,2,2025-08-26 23:01:58,54.6,0.396,279.12,83.9,6.04,49.3,60.63,5.41,103
141,2,2025-09-07 15:02:58,54.17,0.343,235.81,41.2,5.15,55.1,78.27,5.24,0
142,24,2025-09-09 14:47:58,37.98,0.295,137.95,78.5,4.69,58.9,88.31,3.17,0
143,13,2025-08-30 12:50:58,59.19,0.338,205.38,54.6,9.25,66.8,62.65,4.03,0
144,7,2025-08-30 01:06:58,34.78,0.245,107.31,77.6,4.06,41.7,87.13,5.29,0
145,20,2025-08-28 06:32:58,32.28,0.196,181.35,95.5,8.33,34.6,92.56,7.52,102
146,2,2025-09-08 16:14:58,54.02,0.326,237.88,76.9,7.61,31.2,67.3,1.67,103
147,22,2025-09-08 05:07:58,39.73,0.294,79.79,90.8,1.74,43.1,89.94,0.68,101
148,19,2025-08-30 19:16:58,39.18,0.135,163.01,80.6,2.83,33.5,94.35,1.23,103
149,21,2025-09-22 06:34:58,33.76,0.3,108.12,97.6,8.46,36.7,82.0,5.8,103
150,18,2025-09-17 02:04:58,44.45,0.117,161.47,96.3,8.46,51.5,94.68,1.19,0
151,21,2025-09-09 18:45:58,37.33,0.141,158.04,27.4,3.34,33.7,88.14,4.35,101
152,2,2025-08-26 16:27:58,53.09,0.391,232.3,81.6,1.49,33.4,65.56,5.18,101
153,24,2025-09-10 11:53:58,33.13,0.114,117.45,28.5,3.42,33.5,92.94,5.71,101
154,13,2025-09-21 18:20:58,55.41,0.385,216.07,62.6,8.61,38.7,71.61,4.03,102
155,19,2025-09-13 02:56:58,39.98,0.214,54.81,82.4,8.24,39.9,93.41,4.21,103
156,19,2025-09-09 08:40:58,32.1,0.248,88.85,58.9,2.42,65.2,83.17,4.92,0
157,25,2025-09-10 16:09:58,33.54,0.164,174.35,74.6,1.78,35.1,82.33,4.64,102
158,14,2025-09-02 07:49:58,25.42,0.049,32.73,45.5,6.0,39.6,99.9,3.17,0
159,16,2025-09-07 04:49:58,62.32,0.835,492.95,59.6,5.76,36.8,44.47,2.83,101
160,13,2025-09-09 20:21:58,52.42,0.413,235.13,87.1,1.08,46.2,76.63,2.91,0
161,8,2025-09-01 21:00:58,44.1,0.221,50.49,37.6,9.38,67.7,84.52,6.07,0
162,1,2025-09-16 15:57:58,29.5,0.053,47.09,72.2,5.1,36.1,95.39,6.78,103
163,24,2025-08-27 02:39:58,35.03,0.176,67.63,58.5,6.54,39.9,86.1,1.75,101
164,4,2025-09-01 14:15:58,39.52,0.161,122.14,46.0,1.85,58.6,91.95,1.16,102
165,5,2025-08-28 06:08:58,31.26,0.181,119.66,69.0,1.67,50.8,90.35,2.67,0
166,22,2025-09-07 11:11:58,44.08,0.142,163.85,36.0,6.77,44.7,83.71,5.45,101
167,25,2025-08-29 20:54:58,30.19,0.129,182.6,39.6,6.83,40.1,88.85,5.9,0
168,3,2025-09-10 20:36:58,28.65,0.177,198.87,94.6,3.56,52.1,94.14,7.23,0
169,18,2025-09-06 09:01:58,35.26,0.149,78.26,51.4,4.75,61.9,87.46,7.57,0
170,9,2025-09-15 20:35:58,27.25,0.016,11.14,77.0,3.59,65.1,98.44,5.94,0
171,11,2025-09-08 02:34:58,32.68,0.287,114.17,91.1,3.37,40.2,93.05,3.42,101
172,24,2025-09-01 20:58:58,29.22,0.294,130.76,54.4,8.58,48.2,90.29,6.27,0
173,1,2025-09-19 03:11:58,20.64,0.072,17.84,32.9,1.12,55.2,94.81,7.37,0
174,2,2025-09-12 23:23:58,59.25,0.454,250.88,75.2,4.24,64.5,72.22,5.29,102
175,14,2025-09-19 08:26:58,22.37,0.024,16.55,28.5,7.16,45.7,96.6,3.86,0
176,8,2025-09-22 14:29:58,26.12,0.25,126.49,30.3,8.85,61.6,92.82,6.09,0
177,17,2025-09-05 06:05:58,29.51,0.182,184.09,87.7,1.54,49.4,84.49,1.28,0
178,19,2025-09-21 17:39:58,27.33,0.271,111.42,49.8,4.77,38.6,88.04,5.09,0
179,23,2025-09-06 14:44:58,45.4,0.462,286.11,43.1,3.83,63.5,62.12,5.88,0
180,13,2025-09-24 03:39:58,56.1,0.401,260.2,74.2,6.35,65.1,75.48,4.63,0
181,9,2025-09-20 14:45:58,20.75,0.002,39.88,57.9,7.21,52.3,91.79,4.83,102
182,12,2025-09-21 09:10:58,39.77,0.268,84.66,76.0,2.55,50.8,81.91,6.53,0
183,19,2025-09-11 06:30:58,27.3,0.101,189.4,43.8,8.26,62.1,83.71,7.84,0
184,4,2025-08-31 23:35:58,27.65,0.157,91.63,87.3,6.22,44.8,94.69,6.72,101
185,15,2025-09-10 05:19:58,45.95,0.372,299.5,71.6,6.21,36.2,75.35,6.59,101
186,20,2025-08-29 12:30:58,42.93,0.21,145.95,75.4,2.97,50.4,94.42,5.63,103
187,11,2025-09-11 22:39:58,31.73,0.269,80.21,99.8,2.19,65.0,82.96,3.96,0
188,15,2025-09-18 22:56:58,55.7,0.404,208.03,47.1,8.1,50.7,66.99,2.69,0
189,5,2025-09-13 19:44:58,44.81,0.291,148.53,57.5,5.04,64.9,93.36,3.3,0
190,22,2025-09-17 20:10:58,30.5,0.207,57.44,44.5,5.15,67.5,83.25,7.63,102
191,10,2025-08-26 18:45:58,27.46,0.016,42.78,44.2,3.95,51.4,93.81,6.1,101
192,19,2025-08-31 18:57:58,27.82,0.167,135.27,47.3,2.83,57.9,94.67,0.71,102
193,3,2025-08-30 23:22:58,34.17,0.291,73.89,60.4,9.67,45.6,93.61,7.83,0
194,4,2025-08-31 00:51:58,32.88,0.163,130.45,91.2,1.85,58.9,83.12,4.48,0
195,19,2025-09-23 09:03:58,41.04,0.294,108.55,32.0,6.78,59.3,90.35,3.13,0
196,18,2025-09-18 13:21:58,31.25,0.139,140.99,51.7,3.16,69.3,83.45,5.12,101
197,16,2025-09-25 15:05:58,71.36,0.552,452.52,85.5,8.52,34.9,47.19,2.96,0
198,13,2025-09-04 03:58:58,57.05,0.32,229.67,59.6,6.32,40.0,69.83,1.17,103
199,5,2025-09-08 03:56:58,28.68,0.214,182.47,30.8,5.51,59.3,82.83,4.45,102
200,20,2025-09-23 11:10:58,41.5,0.104,75.0,95.4,1.53,55.1,81.64,7.48,101
201,1,2025-09-19 21:42:58,29.1,0.082,10.91,57.0,5.63,39.2,94.79,5.89,0
202,2,2025-09-02 07:37:58,51.44,0.316,258.43,90.0,7.82,64.2,74.97,6.55,0
203,3,2025-09-11 21:13:58,40.88,0.165,178.22,50.2,2.48,60.7,93.42,3.33,0
204,4,2025-09-23 13:57:58,35.91,0.122,169.1,74.0,9.53,60.8,92.44,5.19,0
205,10,2025-09-20 06:32:58,26.61,0.098,35.12,67.8,7.15,38.8,95.69,3.21,0
206,9,2025-09-11 06:57:58,29.33,0.092,41.75,41.5,2.38,67.5,96.07,2.62,101
207,17,2025-09-10 17:11:58,37.35,0.287,121.91,21.5,1.79,60.7,84.93,7.98,102
208,13,2025-09-13 04:55:58,45.58,0.483,266.35,27.5,8.6,40.7,76.73,5.14,0
209,7,2025-09-23 17:33:58,40.19,0.195,137.11,86.3,3.43,44.7,91.98,6.69,0
210,9,2025-09-02 02:19:58,28.05,0.05,39.67,20.4,9.32,34.6,99.39,4.16,102
211,15,2025-08-31 08:00:58,57.48,0.392,271.87,58.9,6.12,48.0,71.52,1.09,0
212,17,2025-09-15 14:54:58,43.59,0.255,116.19,95.0,9.91,60.2,84.82,0.76,103
213,19,2025-09-05 15:56:58,32.25,0.152,108.64,36.6,3.62,39.5,92.31,7.62,0
214,3,2025-09-15 08:38:58,26.47,0.256,162.66,66.6,1.09,65.1,86.39,7.31,0
215,7,2025-08-30 17:10:58,29.13,0.298,125.65,28.2,5.41,47.6,87.02,5.54,103
216,8,2025-09-15 22:47:58,41.69,0.267,197.32,75.8,9.96,60.0,94.62,2.72,101
217,20,2025-09-18 20:59:58,27.47,0.126,57.64,28.9,3.26,42.3,87.61,3.57,0
218,17,2025-08-29 20:35:58,37.86,0.122,192.3,77.1,9.0,55.5,93.89,3.99,0
219,3,2025-08-26 11:09:58,36.31,0.261,53.12,84.0,8.77,58.9,90.11,6.29,102
220,1,2025-09-18 10:38:58,28.32,0.033,43.61,94.4,4.62,33.5,96.82,0.66,101
221,2,2025-09-10 08:33:58,53.87,0.46,266.07,71.4,8.1,31.1,63.29,6.87,102
222,10,2025-09-25 00:37:58,27.16,0.031,12.67,69.4,6.96,48.7,93.58,6.15,0
223,19,2025-08-27 04:46:58,25.42,0.277,190.2,85.1,6.95,59.2,80.24,1.9,0
224,3,2025-09-21 00:15:58,31.41,0.215,80.33,36.4,8.36,44.3,87.39,4.56,101
225,23,2025-09-24 12:06:58,56.3,0.436,256.49,72.5,1.4,31.1,60.47,4.34,0
226,23,2025-08-29 19:32:58,53.47,0.442,211.19,98.2,7.03,54.9,77.27,1.27,0
227,25,2025-09-16 08:20:58,43.36,0.135,104.57,57.5,1.09,69.3,85.38,6.47,0
228,3,2025-09-21 20:14:58,25.49,0.19,152.59,28.2,4.31,44.1,93.29,4.99,0
229,24,2025-09-03 14:14:58,25.01,0.24,122.09,36.8,2.61,48.8,90.17,4.47,102
230,4,2025-08-26 20:39:58,25.44,0.19,101.94,69.7,8.19,39.1,87.53,1.23,0
231,7,2025-09-22 16:49:58,37.85,0.23,61.09,53.5,4.13,33.8,94.7,2.79,0
232,9,2025-09-01 23:01:58,23.68,0.058,29.88,82.9,2.29,41.5,97.58,4.57,101
233,11,2025-09-22 03:01:58,41.08,0.18,168.09,91.1,6.21,54.6,83.84,3.81,0
234,24,2025-08-26 15:36:58,27.89,0.292,87.28,74.3,2.03,58.4,84.94,7.98,0
235,25,2025-09-25 11:55:58,42.37,0.263,181.76,32.7,6.65,30.1,88.43,2.34,103
236,4,2025-09-17 03:49:58,33.51,0.23,158.52,32.5,1.96,41.3,80.18,6.13,102
237,16,2025-09-25 06:50:58,75.76,0.9,323.54,58.0,7.3,50.9,45.96,6.11,0
238,11,2025-08-30 20:20:58,33.82,0.279,123.14,81.6,3.0,35.8,86.58,1.45,0
239,19,2025-09-23 18:02:58,29.94,0.218,83.19,35.5,1.12,69.1,93.06,2.62,101
240,17,2025-09-19 19:43:58,28.82,0.168,134.76,60.0,7.71,51.0,90.88,5.44,0
241,13,2025-09-02 04:37:58,47.36,0.341,257.14,74.5,8.96,48.2,77.0,3.94,0
242,4,2025-08-27 02:29:58,41.3,0.142,50.86,76.1,2.27,68.0,90.58,0.82,0
243,8,2025-09-15 20:01:58,35.75,0.165,147.58,49.9,6.45,51.2,90.07,0.75,0
244,9,2025-08-31 23:43:58,22.7,0.069,48.33,63.3,5.4,57.0,92.72,2.51,0
245,16,2025-09-24 09:21:58,75.09,0.966,359.92,94.7,9.49,67.3,42.9,5.74,102
246,13,2025-08-27 21:17:58,53.01,0.381,285.63,55.2,1.1,52.6,71.16,3.66,101
247,1,2025-09-15 03:45:58,29.23,0.077,21.13,51.9,9.48,55.0,97.32,1.46,0
248,1,2025-09-22 04:27:58,27.11,0.02,45.18,73.4,1.83,49.5,92.31,1.09,102
249,15,2025-09-02 19:44:58,51.5,0.327,269.54,61.0,6.85,48.0,60.1,3.24,103
250,10,2025-09-17 16:39:58,26.26,0.029,18.05,73.4,3.35,65.8,93.28,3.02,0
251,8,2025-09-05 00:54:58,25.5,0.251,73.77,47.8,7.4,61.0,88.84,2.53,0
252,20,2025-09-11 03:48:58,35.59,0.1,169.46,43.9,8.96,55.2,81.1,4.21,0
253,24,2025-08-29 00:27:58,33.96,0.235,90.95,69.9,3.89,51.3,89.27,6.03,102
254,12,2025-09-24 10:48:58,43.84,0.107,63.03,26.1,4.33,61.1,91.65,4.29,0
255,16,2025-09-13 10:01:58,64.12,0.611,357.18,84.5,5.75,40.8,50.77,4.31,0
256,2,2025-08-31 16:29:58,55.41,0.386,216.67,49.3,3.93,38.0,72.18,3.87,103
257,11,2025-08-31 12:20:58,31.3,0.122,167.45,42.4,8.42,60.6,84.21,5.81,0
258,25,2025-09-12 11:53:58,32.97,0.18,164.63,63.4,8.3,48.8,84.29,7.42,103
259,2,2025-09-15 12:58:58,55.89,0.305,265.83,72.6,4.91,42.4,65.66,2.84,103
260,22,2025-09-03 17:31:58,26.64,0.292,90.13,49.2,4.3,34.5,88.16,1.52,0
261,13,2025-09-04 12:11:58,46.01,0.337,217.94,76.6,1.06,58.7,75.1,1.97,0
262,21,2025-09-05 16:11:58,27.61,0.231,189.69,50.2,5.84,36.1,89.14,5.01,0
263,2,2025-09-15 17:34:58,52.39,0.343,256.46,56.6,3.42,34.5,60.18,3.54,0
264,1,2025-08-30 23:59:58,21.04,0.046,32.19,60.0,8.89,32.9,98.22,7.85,0
265,18,2025-09-16 15:24:58,29.18,0.143,176.63,31.8,4.67,65.3,90.78,6.9,0
266,9,2025-09-10 02:55:58,28.17,0.053,40.78,84.7,8.04,66.2,98.36,3.89,0
267,18,2025-08-29 07:29:58,44.54,0.253,166.27,43.8,9.88,69.5,88.36,0.62,102
268,22,2025-09-01 23:15:58,41.6,0.206,70.38,24.6,3.52,32.8,92.31,2.46,101
269,16,2025-09-04 03:01:58,76.05,0.986,457.87,48.9,9.65,69.6,55.26,5.89,101
270,5,2025-09-20 06:29:58,33.48,0.28,67.11,68.0,9.2,40.5,86.11,1.2,102
271,21,2025-08-27 15:09:58,32.13,0.104,165.76,59.8,4.16,59.9,93.56,4.57,0
272,9,2025-09-11 18:29:58,29.03,0.008,45.65,97.7,8.62,44.1,95.29,4.09,0
273,3,2025-09-13 03:18:58,39.51,0.117,171.46,22.9,4.39,57.6,90.8,5.42,0
274,19,2025-09-11 10:32:58,43.37,0.155,189.03,90.3,1.89,60.2,85.75,1.96,0
275,25,2025-09-16 23:28:58,35.69,0.136,62.36,42.8,2.5,69.8,80.67,3.87,0
276,11,2025-09-19 08:59:58,25.13,0.263,138.4,41.4,4.96,48.5,90.1,4.24,101
277,13,2025-09-16 13:31:58,47.25,0.45,292.54,75.1,1.71,51.7,77.11,6.38,102
278,22,2025-09-08 13:45:58,44.72,0.114,77.76,36.3,9.53,49.5,82.06,6.62,103
279,6,2025-09-22 03:02:58,26.37,0.178,96.53,40.3,4.43,57.2,82.35,5.52,101
280,12,2025-09-16 04:54:58,30.84,0.239,172.74,35.0,6.79,40.1,87.9,3.7,0
281,21,2025-09-09 01:23:58,27.77,0.154,176.03,52.8,1.68,54.6,90.48,7.64,102
282,8,2025-09-09 08:42:58,28.27,0.234,158.77,38.7,4.77,45.2,91.41,5.81,103
283,3,2025-09-16 12:50:58,32.38,0.234,160.18,99.3,1.52,60.6,88.64,1.39,0
284,16,2025-09-07 18:56:58,60.78,0.865,348.19,49.0,6.49,57.8,48.1,2.84,103
285,10,2025-08-28 04:22:58,23.68,0.061,26.39,72.3,7.18,64.8,93.14,0.76,103
286,16,2025-09-09 04:01:58,60.08,0.871,338.1,84.3,9.23,45.7,57.14,6.58,0
287,23,2025-09-15 05:03:58,53.22,0.358,297.69,33.6,6.7,58.4,68.21,3.68,0
288,19,2025-09-24 17:17:58,40.46,0.227,142.07,95.4,4.22,34.9,83.35,4.42,102
289,17,2025-09-04 12:01:58,35.34,0.28,97.12,51.5,4.95,40.7,86.28,6.88,0
290,12,2025-08-28 08:47:58,34.75,0.168,111.92,84.6,2.82,69.6,93.26,3.16,0
291,17,2025-09-01 18:10:58,26.42,0.239,199.8,43.9,1.93,65.5,87.75,6.15,102
292,17,2025-09-16 03:24:58,39.41,0.187,97.44,46.7,2.25,45.2,95.0,2.58,0
293,13,2025-09-02 21:54:58,45.67,0.38,254.39,38.8,2.56,62.9,71.99,7.53,101
294,25,2025-09-14 12:06:58,27.62,0.19,198.66,91.7,3.56,50.3,83.72,6.79,0
295,22,2025-09-08 04:07:58,29.22,0.159,134.96,49.0,8.46,50.9,82.75,7.87,102
296,1,2025-09-15 05:33:58,29.0,0.062,29.11,57.9,2.62,46.1,94.02,3.21,0
297,10,2025-09-01 23:14:58,26.83,0.046,35.44,42.1,3.64,41.6,96.16,7.91,0
298,9,2025-09-15 07:47:58,24.15,0.057,20.89,50.2,5.86,41.9,98.47,5.23,102
299,20,2025-09-01 19:33:58,32.44,0.197,171.72,47.6,1.51,53.0,92.92,1.92,0
300,16,2025-09-18 07:46:58,68.35,0.674,464.92,94.0,5.76,69.9,46.93,6.27,103
301,22,2025-09-05 22:21:58,34.35,0.196,135.05,97.8,2.65,63.6,80.31,3.35,0
302,18,2025-09-23 15:07:58,33.98,0.114,103.76,96.7,6.84,30.5,92.83,5.22,103
303,17,2025-09-26 00:39:58,32.74,0.101,133.74,63.7,1.69,48.7,93.97,5.71,0
304,11,2025-08-26 20:52:58,25.84,0.107,151.08,92.9,4.72,43.7,89.14,4.81,103
305,9,2025-09-24 03:30:58,24.3,0.044,21.67,85.5,4.87,60.6,95.86,3.06,0
306,14,2025-09-13 02:26:58,24.85,0.092,35.72,80.9,7.82,46.0,97.64,4.66,103
307,24,2025-09-01 20:12:58,30.4,0.126,53.67,77.8,4.47,34.7,90.28,3.49,0
308,22,2025-09-24 14:00:58,30.72,0.144,195.81,26.2,6.99,50.6,91.2,0.79,101
309,7,2025-09-01 13:10:58,44.51,0.131,102.24,70.6,1.19,45.6,89.35,5.83,0
310,18,2025-09-24 09:38:58,38.49,0.278,181.26,52.2,2.17,62.2,83.29,1.53,0
311,22,2025-09-10 18:40:58,38.07,0.295,70.26,69.8,1.24,54.5,80.62,5.96,0
312,11,2025-09-17 16:36:58,32.78,0.29,101.92,43.2,6.46,34.3,87.31,2.74,0
313,13,2025-09-15 02:18:58,45.61,0.462,226.62,74.5,5.71,43.5,60.53,4.41,103
314,1,2025-09-07 16:40:58,22.15,0.079,31.22,28.4,7.4,36.6,91.6,6.99,101
315,23,2025-09-09 14:53:58,55.6,0.366,276.88,70.2,6.27,55.3,68.13,6.32,0
316,6,2025-09-13 14:56:58,38.91,0.2,82.58,54.1,1.21,50.8,83.22,7.92,101
317,10,2025-09-10 18:20:58,25.64,0.023,15.95,91.0,6.63,53.6,98.97,6.72,101
318,4,2025-08-29 10:58:58,33.67,0.292,53.73,41.8,9.47,65.2,94.43,2.19,102
319,20,2025-09-20 13:05:58,43.28,0.18,120.48,55.7,2.05,30.7,87.09,7.98,0
320,7,2025-08-30 20:21:58,36.73,0.231,90.67,40.7,7.51,34.1,92.47,7.57,101
321,4,2025-09-16 01:26:58,39.11,0.185,100.82,31.3,6.89,56.6,82.37,6.27,102
322,1,2025-09-06 11:54:58,26.03,0.025,39.69,64.5,6.2,57.6,90.76,5.37,0
323,21,2025-09-06 07:15:58,27.2,0.114,152.14,70.6,4.18,69.2,91.61,0.58,0
324,23,2025-08-26 14:55:58,48.74,0.377,258.54,93.1,3.91,63.4,74.86,2.25,103
325,21,2025-09-01 09:01:58,37.6,0.162,66.45,36.7,4.9,61.0,83.72,1.23,0
326,8,2025-08-27 21:51:58,35.04,0.142,110.07,80.6,4.56,53.9,91.16,1.58,102
327,22,2025-09-13 03:55:58,31.69,0.177,82.75,60.2,8.24,37.4,88.84,5.65,0
328,9,2025-08-29 14:41:58,23.26,0.03,23.56,38.4,7.0,45.5,98.54,3.75,103
329,24,2025-09-02 22:58:58,35.85,0.195,155.51,55.9,4.08,39.5,84.26,6.28,0
330,19,2025-09-21 09:27:58,37.14,0.108,102.61,60.9,6.89,36.3,87.54,0.82,103
331,11,2025-08-28 18:11:58,39.74,0.213,91.84,30.0,5.66,62.3,80.5,6.78,102
332,22,2025-09-14 11:11:58,27.24,0.165,62.86,25.6,2.41,45.9,93.87,6.32,0
333,25,2025-09-24 10:14:58,35.16,0.109,97.04,49.0,4.6,46.4,94.59,4.78,103
334,25,2025-09-06 19:51:58,32.06,0.183,127.12,37.0,1.5,47.7,89.34,7.13,0
335,10,2025-09-03 22:01:58,24.96,0.047,29.47,29.9,9.93,53.8,90.82,4.6,102
336,20,2025-09-05 01:50:58,30.5,0.131,157.3,95.6,4.28,43.2,89.25,3.29,102
337,24,2025-09-17 09:39:58,41.14,0.295,188.26,46.4,8.39,54.7,93.11,3.89,102
338,23,2025-09-19 23:34:58,59.31,0.47,282.07,73.1,4.16,43.6,76.38,2.29,101
339,20,2025-08-31 20:45:58,26.64,0.223,144.62,85.0,3.69,55.3,89.47,4.44,103
340,21,2025-09-20 21:46:58,27.77,0.214,169.73,23.4,9.73,44.5,91.15,7.93,103
341,8,2025-09-16 00:43:58,39.18,0.125,94.14,28.9,8.17,32.1,88.51,2.17,0
342,3,2025-09-11 13:07:58,32.6,0.256,154.11,68.1,2.78,36.1,93.09,6.35,0
343,21,2025-09-15 00:23:58,25.91,0.244,135.74,63.2,4.2,66.5,81.45,7.08,101
344,9,2025-09-16 19:26:58,25.26,0.099,28.91,61.1,4.42,40.2,94.53,4.44,101
345,10,2025-08-26 17:02:58,26.63,0.099,39.41,79.3,8.94,63.1,99.81,0.96,0
346,2,2025-09-13 06:45:58,46.08,0.3,277.75,67.0,4.66,41.4,64.57,7.01,101
347,12,2025-09-24 02:54:58,30.18,0.215,139.96,30.3,1.12,66.8,94.33,2.83,102
348,3,2025-09-04 22:38:58,30.76,0.149,101.24,22.0,6.27,50.5,93.44,7.33,0
349,1,2025-09-12 06:03:58,27.49,0.019,40.2,31.3,7.84,57.6,94.87,2.38,0
350,5,2025-09-11 04:36:58,31.36,0.266,62.41,84.0,6.47,66.0,87.55,2.14,102
351,1,2025-08-31 18:46:58,29.47,0.075,28.37,54.4,3.36,54.8,98.2,2.55,0
352,4,2025-09-18 07:56:58,36.36,0.131,160.02,53.6,8.59,46.7,93.2,7.05,0
353,10,2025-09-11 10:09:58,29.99,0.04,40.6,80.9,9.89,59.1,91.41,3.36,0
354,10,2025-09-22 16:57:58,24.41,0.063,21.19,24.7,4.97,53.4,91.41,2.18,0
355,7,2025-09-14 13:51:58,43.8,0.118,106.54,27.8,8.19,30.2,82.37,5.33,103
356,4,2025-09-19 07:25:58,34.64,0.117,146.06,26.8,5.31,58.8,83.83,3.35,0
357,9,2025-08-27 06:51:58,22.41,0.02,21.02,61.1,6.01,47.7,90.03,7.31,0
358,1,2025-09-09 16:56:58,25.86,0.029,11.58,50.3,3.91,60.7,92.1,1.77,103
359,7,2025-09-10 17:02:58,38.84,0.162,84.58,22.2,5.91,33.9,82.7,1.93,0
360,12,2025-09-16 23:14:58,38.47,0.15,136.43,28.2,1.14,34.7,83.39,2.51,0
361,12,2025-09-21 09:32:58,27.69,0.166,144.97,74.4,4.26,59.0,80.75,2.15,102
362,21,2025-09-03 20:28:58,37.86,0.223,127.94,72.8,6.52,59.4,85.65,6.98,102
363,18,2025-09-07 13:20:58,32.61,0.173,194.35,86.7,2.58,57.6,80.55,4.35,102
364,17,2025-08-27 02:01:58,27.74,0.259,121.73,31.6,5.74,32.2,83.83,5.33,0
365,9,2025-09-16 08:32:58,25.26,0.049,36.49,77.0,3.95,58.0,97.05,4.98,0
366,20,2025-09-18 05:56:58,27.82,0.214,180.2,45.1,6.47,52.6,85.49,2.02,102
367,20,2025-09-07 01:29:58,42.5,0.258,115.01,96.8,5.29,64.6,92.4,7.04,103
368,1,2025-09-09 02:58:58,22.17,0.042,11.8,73.8,6.11,47.1,92.01,6.01,0
369,1,2025-09-17 17:58:58,24.79,0.055,31.31,70.8,6.8,30.5,96.11,5.52,0
370,3,2025-09-10 05:43:58,43.56,0.223,73.2,83.2,4.56,59.5,85.58,7.51,0
371,18,2025-08-27 04:29:58,44.59,0.281,106.37,53.0,6.49,61.7,93.01,3.64,0
372,1,2025-09-17 18:45:58,28.45,0.047,21.58,33.9,5.99,50.4,99.15,5.31,101
373,15,2025-09-08 05:26:58,48.63,0.437,280.37,66.9,7.05,45.5,67.58,6.68,101
374,18,2025-09-23 17:25:58,29.09,0.213,67.02,46.8,5.84,33.0,82.72,5.84,0
375,1,2025-09-11 15:31:58,22.08,0.01,33.05,59.1,7.56,69.2,97.22,4.45,0
376,23,2025-09-12 03:09:58,49.45,0.444,296.57,79.4,5.71,46.2,78.39,5.25,0
377,16,2025-08-31 18:31:58,63.19,0.74,341.2,70.2,4.42,36.9,51.78,1.78,0
378,23,2025-09-15 01:17:58,58.1,0.352,261.9,53.5,9.87,38.5,76.08,6.81,0
379,8,2025-09-13 04:19:58,38.44,0.225,57.22,95.5,2.51,56.8,81.15,0.89,103
380,19,2025-08-28 09:45:58,41.67,0.115,137.67,22.6,6.64,35.0,86.29,5.5,101
381,22,2025-09-25 10:40:58,31.04,0.263,135.59,41.8,7.47,33.7,86.92,7.58,101
382,9,2025-09-24 17:22:58,20.71,0.035,37.16,64.8,7.27,45.2,97.75,7.8,103
383,19,2025-09-13 15:41:58,34.59,0.155,173.34,24.1,4.56,36.7,90.74,7.61,102
384,24,2025-09-07 09:30:58,40.01,0.162,101.72,77.7,7.52,32.6,89.41,3.33,102
385,25,2025-09-08 06:54:58,26.98,0.142,189.37,81.5,9.91,59.7,80.08,5.73,101
386,17,2025-08-31 13:23:58,33.88,0.19,186.86,51.3,3.44,44.5,82.11,1.45,102
387,8,2025-09-11 05:35:58,25.48,0.286,171.72,51.1,1.12,34.5,83.39,6.23,102
388,25,2025-09-23 07:34:58,43.13,0.154,198.45,74.8,2.0,44.9,94.57,7.87,0
389,5,2025-08-27 13:20:58,32.43,0.175,116.4,82.4,8.93,50.9,84.97,0.64,0
390,13,2025-08-30 18:39:58,58.51,0.421,220.49,30.3,7.4,57.7,64.24,3.01,102
391,24,2025-09-19 10:44:58,37.54,0.113,189.35,85.2,3.38,52.0,80.54,6.08,0
392,9,2025-09-07 09:26:58,28.53,0.078,11.73,25.3,2.68,58.5,95.56,3.94,0
393,25,2025-08-30 06:40:58,43.96,0.138,94.43,62.9,4.98,49.9,92.09,4.08,101
394,13,2025-08-26 21:40:58,55.68,0.41,289.7,54.4,2.84,35.3,78.53,4.34,103
395,7,2025-09-17 07:43:58,28.53,0.233,156.58,68.2,4.07,40.4,83.7,3.85,0
396,22,2025-08-30 21:35:58,35.07,0.219,177.59,96.7,3.87,41.0,83.03,3.62,0
397,15,2025-08-30 19:39:58,56.38,0.429,219.72,26.9,9.8,33.5,65.88,5.22,0
398,6,2025-09-11 08:21:58,28.82,0.166,51.78,50.1,5.73,56.4,87.1,2.14,0
399,4,2025-09-14 14:30:58,38.28,0.159,77.04,64.7,6.31,55.7,87.1,4.78,103
400,2,2025-09-18 09:35:58,53.64,0.495,295.85,21.1,1.95,59.1,74.08,6.94,102
401,8,2025-09-10 10:56:58,37.65,0.226,92.35,90.9,2.75,59.8,92.03,6.49,0
402,20,2025-09-15 02:04:58,35.15,0.15,130.17,78.0,3.94,62.2,89.56,5.81,101
403,3,2025-09-10 09:07:58,32.67,0.145,85.33,83.0,1.0,63.7,93.09,4.78,103
404,1,2025-08-29 18:36:58,22.67,0.065,42.01,79.2,8.69,53.4,94.2,6.19,0
405,16,2025-09-04 11:36:58,78.88,0.533,497.16,51.7,8.14,68.8,41.23,6.19,0
406,16,2025-09-13 21:29:58,62.77,0.915,389.13,96.7,7.69,56.0,50.81,2.96,0
407,7,2025-09-13 08:16:58,26.15,0.113,150.6,47.4,1.0,36.9,86.8,2.36,0
408,6,2025-09-20 04:41:58,42.34,0.249,194.86,47.8,6.76,40.5,90.28,3.71,102
409,3,2025-09-18 10:56:58,33.19,0.125,194.09,95.2,8.9,51.6,83.23,2.15,0
410,18,2025-09-16 19:59:58,41.31,0.229,153.17,28.6,5.15,57.0,85.13,1.97,0
411,18,2025-09-14 14:00:58,40.82,0.103,155.87,85.0,8.79,45.2,90.79,4.52,101
412,14,2025-09-18 18:18:58,28.67,0.025,10.19,84.7,9.07,63.7,90.21,7.73,102
413,20,2025-09-06 06:51:58,33.06,0.141,95.99,98.3,7.22,63.7,86.58,6.76,0
414,11,2025-09-03 05:05:58,36.13,0.178,66.3,40.4,3.99,63.9,91.1,0.84,0
415,18,2025-09-21 07:56:58,38.75,0.266,111.7,53.7,6.67,40.0,86.93,7.97,0
416,6,2025-09-05 14:59:58,26.54,0.293,94.02,93.7,7.46,33.5,90.44,4.5,0
417,20,2025-09-11 17:34:58,37.16,0.105,93.15,33.9,5.34,66.5,89.56,1.99,103
418,8,2025-09-24 03:53:58,27.45,0.149,80.25,55.4,7.5,55.7,82.0,5.5,102
419,22,2025-08-27 02:11:58,40.55,0.108,58.99,83.5,2.6,67.6,82.34,0.52,0
420,19,2025-09-20 12:17:58,34.16,0.217,168.47,95.0,7.83,59.2,92.6,2.45,103
421,25,2025-09-23 11:36:58,37.91,0.225,51.32,59.9,9.25,66.4,83.42,2.66,103
422,23,2025-09-18 19:56:58,53.84,0.463,295.06,30.8,8.16,60.9,67.98,3.72,101
423,9,2025-09-20 01:12:58,28.6,0.041,29.32,62.9,9.67,64.8,91.0,0.83,101
424,5,2025-09-06 20:20:58,42.19,0.2,167.59,66.4,8.77,69.3,82.8,5.75,101
425,16,2025-09-04 19:59:58,65.79,0.63,426.26,38.1,2.12,39.3,58.12,7.68,102
426,9,2025-09-19 16:31:58,27.08,0.078,29.78,58.6,3.09,33.8,92.02,3.05,103
427,14,2025-09-16 16:40:58,20.38,0.069,48.35,67.9,8.17,62.7,91.35,6.93,0
428,10,2025-09-22 15:26:58,24.88,0.059,27.58,79.3,2.66,46.8,92.42,0.52,101
429,25,2025-09-09 02:13:58,27.3,0.275,60.22,26.1,5.15,42.2,89.87,7.21,103
430,10,2025-09-18 05:49:58,29.59,0.085,48.68,71.8,5.84,37.5,94.76,7.96,103
431,13,2025-09-25 02:03:58,54.52,0.421,222.39,60.3,6.2,61.0,66.02,3.05,0
432,18,2025-08-26 09:30:58,28.54,0.121,104.36,60.3,6.17,61.9,91.7,3.53,101
433,10,2025-09-20 06:44:58,26.21,0.096,20.65,41.3,5.74,34.6,98.18,7.21,102
434,13,2025-09-20 20:03:58,51.62,0.316,261.76,65.9,7.93,30.8,65.53,2.78,0
435,5,2025-08-27 14:11:58,30.58,0.175,194.89,54.7,1.57,46.7,86.03,6.16,101
436,1,2025-09-08 05:54:58,25.48,0.036,19.57,55.0,3.15,56.8,98.43,4.46,103
437,18,2025-09-03 17:27:58,37.32,0.102,193.95,78.4,6.55,45.2,89.9,2.02,103
438,6,2025-09-16 09:22:58,42.29,0.107,93.95,32.5,9.84,42.7,94.87,2.54,0
439,24,2025-09-24 11:23:58,26.89,0.237,70.15,92.7,5.53,64.8,86.74,7.93,101
440,3,2025-08-27 03:59:58,25.22,0.297,135.99,25.8,6.64,58.5,84.54,1.11,102
441,12,2025-09-16 03:27:58,29.06,0.114,156.59,58.7,6.88,38.5,82.08,7.53,102
442,17,2025-09-04 08:45:58,43.91,0.2,172.56,24.3,3.54,67.8,82.9,7.83,101
443,18,2025-09-09 09:06:58,32.65,0.159,170.93,55.7,2.82,33.6,83.88,4.36,0
444,10,2025-09-05 15:21:58,29.02,0.091,29.9,91.3,7.36,35.1,98.15,7.19,103
445,12,2025-09-20 17:52:58,37.98,0.123,115.41,83.0,1.62,45.9,89.01,2.02,0
446,18,2025-09-05 07:44:58,43.63,0.206,77.15,45.1,5.22,52.3,87.31,3.23,103
447,4,2025-09-11 04:34:58,32.78,0.254,171.92,41.0,9.95,40.6,83.78,6.17,0
448,23,2025-08-30 01:33:58,46.91,0.31,268.12,25.9,5.05,48.7,67.56,1.18,0
449,19,2025-08-28 21:55:58,32.14,0.182,89.34,72.4,8.12,41.8,86.02,0.68,0
450,18,2025-09-03 16:55:58,35.31,0.197,54.61,50.8,9.02,32.0,84.64,7.38,0
451,2,2025-09-22 14:15:58,55.44,0.37,202.33,44.6,4.33,40.7,61.52,1.56,102
452,25,2025-09-19 16:59:58,33.66,0.145,81.45,71.7,7.85,67.5,86.63,4.22,0
453,23,2025-09-05 23:11:58,45.51,0.303,235.38,63.3,7.92,55.5,70.86,6.85,103
454,25,2025-09-25 10:24:58,31.65,0.13,91.09,72.6,4.42,67.3,82.17,3.12,0
455,12,2025-09-05 17:16:58,34.3,0.171,170.82,44.4,6.71,54.6,90.08,5.76,103
456,8,2025-09-03 22:00:58,39.02,0.25,186.5,78.8,5.06,51.7,80.78,1.19,103
457,1,2025-09-15 01:10:58,23.2,0.063,28.09,65.4,7.79,58.3,92.84,4.82,102
458,13,2025-08-27 12:35:58,54.62,0.43,293.39,31.4,3.75,68.4,68.46,3.89,0
459,9,2025-09-20 12:28:58,20.23,0.008,13.63,40.5,9.38,56.2,98.19,4.81,103
460,12,2025-09-18 18:08:58,35.13,0.258,108.96,65.2,3.34,52.3,83.07,1.69,0
461,1,2025-09-15 05:11:58,28.46,0.046,20.02,72.5,1.87,41.5,96.23,2.28,0
462,22,2025-09-14 01:17:58,30.81,0.285,129.96,30.4,5.72,46.7,85.44,3.64,0
463,25,2025-08-30 08:20:58,25.91,0.273,159.86,50.1,4.34,66.5,94.91,3.68,101
464,10,2025-09-07 02:01:58,29.89,0.088,36.37,38.3,7.43,68.7,99.43,6.97,0
465,20,2025-09-03 05:34:58,26.88,0.143,172.69,26.2,9.2,42.0,85.67,1.63,0
466,9,2025-09-20 14:22:58,23.18,0.075,22.11,66.3,6.51,63.2,90.66,5.96,101
467,3,2025-09-12 23:05:58,35.74,0.241,122.64,90.0,5.98,35.1,94.73,3.84,0
468,11,2025-09-22 19:50:58,39.89,0.104,135.38,65.6,1.69,62.7,87.42,2.68,0
469,10,2025-09-03 17:24:58,20.0,0.077,26.01,91.2,6.25,49.8,90.81,6.65,0
470,20,2025-08-26 18:26:58,25.07,0.23,169.42,68.8,1.29,51.7,86.92,5.26,101
471,20,2025-09-09 05:40:58,37.43,0.286,94.94,27.8,1.68,48.9,90.07,7.74,103
472,18,2025-08-27 05:37:58,42.1,0.161,153.77,86.7,5.09,66.9,91.96,2.8,103
473,11,2025-09-21 00:32:58,35.6,0.17,83.51,64.8,6.69,62.4,86.14,3.62,102
474,3,2025-09-07 04:46:58,32.49,0.236,55.87,26.3,1.97,45.0,88.86,4.72,0
475,5,2025-09-22 08:12:58,31.04,0.124,97.94,27.9,1.61,63.9,83.48,1.11,0
476,23,2025-08-28 03:21:58,45.14,0.496,223.98,59.7,1.29,49.1,72.04,2.58,0
477,18,2025-09-04 03:53:58,27.91,0.293,162.09,82.8,9.95,41.3,83.28,2.63,0
478,21,2025-09-01 04:05:58,42.41,0.198,125.48,53.0,1.47,45.0,91.63,6.37,0
479,25,2025-09-21 14:04:58,28.15,0.177,88.49,49.2,5.33,42.3,87.53,7.35,103
480,25,2025-09-10 12:46:58,44.82,0.103,96.1,68.1,1.14,36.4,88.8,1.26,0
481,22,2025-09-01 23:25:58,41.34,0.197,183.58,48.6,9.37,60.3,94.36,2.76,101
482,11,2025-09-07 06:24:58,39.4,0.113,160.6,92.1,7.51,53.7,85.28,7.98,102
483,5,2025-09-09 09:25:58,43.67,0.297,64.28,70.4,2.47,49.3,94.34,3.67,0
484,17,2025-09-22 22:31:58,33.01,0.269,96.02,25.1,1.95,46.3,89.35,4.27,0
485,14,2025-09-03 18:58:58,26.22,0.079,41.76,49.8,6.82,44.5,99.74,1.95,0
486,10,2025-09-24 01:16:58,28.18,0.002,34.91,23.5,5.61,38.1,94.53,1.88,103
487,8,2025-09-21 18:12:58,33.2,0.22,89.22,85.0,6.23,51.0,81.79,1.83,103
488,1,2025-09-02 11:07:58,27.95,0.088,36.26,21.9,2.02,54.7,99.0,4.34,103
489,8,2025-09-22 23:29:58,33.74,0.114,192.12,69.5,8.81,68.8,82.95,2.76,101
490,19,2025-08-26 16:29:58,28.01,0.18,128.87,71.3,8.9,65.7,86.36,2.88,0
491,10,2025-09-19 01:29:58,27.97,0.082,28.68,41.6,7.91,68.5,90.65,1.39,0
492,3,2025-09-12 19:12:58,36.0,0.187,111.37,25.6,7.13,65.5,87.39,4.56,103
493,25,2025-09-08 18:19:58,36.74,0.264,195.19,47.5,7.56,34.7,84.63,3.81,0
494,18,2025-08-31 02:36:58,33.44,0.209,166.73,81.8,1.88,46.9,89.89,6.7,0
495,24,2025-09-17 09:14:58,34.46,0.101,60.46,81.8,3.49,36.5,89.0,0.87,0
496,13,2025-08-28 01:51:58,45.55,0.477,257.71,89.9,9.54,31.8,67.61,6.09,0
497,5,2025-08-26 05:11:58,43.02,0.22,136.21,79.6,5.7,68.1,83.97,7.03,0
498,23,2025-09-08 02:04:58,46.82,0.359,217.09,53.7,1.92,52.0,68.31,5.94,0
499,21,2025-09-20 19:47:58,43.34,0.135,125.49,95.9,4.83,55.3,86.61,1.41,103
500,11,2025-09-17 08:34:58,26.45,0.264,108.56,29.5,4.91,44.3,83.64,4.87,0
501,19,2025-09-15 20:59:58,40.32,0.18,178.52,34.7,1.57,65.1,93.8,1.7,101
502,23,2025-09-22 23:50:58,58.7,0.43,296.3,66.8,2.05,48.6,69.65,2.6,102
503,9,2025-09-16 11:52:58,26.44,0.034,48.35,98.9,7.34,42.7,95.75,1.78,0
504,3,2025-09-10 05:48:58,26.39,0.103,121.01,85.8,7.79,67.3,87.76,4.52,0
505,8,2025-08-31 10:28:58,33.66,0.277,108.53,91.2,7.58,41.8,86.09,5.23,101
506,9,2025-09-10 12:45:58,24.58,0.062,13.43,65.9,2.6,60.6,93.75,7.36,0
507,21,2025-08-26 15:22:58,40.44,0.214,167.74,47.0,6.82,33.7,94.42,2.0,103
508,18,2025-09-16 07:34:58,34.47,0.181,180.6,35.8,7.83,47.0,81.38,0.79,101
509,11,2025-09-06 18:56:58,25.52,0.282,141.5,88.3,4.41,34.3,83.68,3.34,0
510,10,2025-09-09 13:21:58,21.67,0.098,17.67,83.2,5.76,52.1,91.29,0.97,103
511,22,2025-09-15 08:11:58,37.26,0.167,174.49,84.2,2.17,65.0,94.26,2.15,102
512,14,2025-09-23 07:08:58,22.91,0.02,38.0,47.5,7.86,56.3,98.38,5.91,0
513,25,2025-09-15 12:59:58,30.6,0.201,143.27,73.5,3.73,47.0,92.8,6.83,0
514,1,2025-09-15 20:05:58,25.27,0.059,28.17,27.2,1.05,56.4,93.35,3.32,103
515,8,2025-09-01 19:43:58,42.72,0.252,138.04,48.5,3.84,41.9,84.09,1.71,102
516,25,2025-09-20 21:54:58,44.12,0.279,97.87,76.7,3.99,49.1,82.42,6.45,103
517,24,2025-09-19 16:31:58,42.2,0.146,174.12,79.3,5.48,52.1,86.56,6.0,0
518,25,2025-09-16 17:14:58,29.63,0.236,110.58,67.6,5.85,36.5,81.16,6.95,0
519,24,2025-09-20 14:43:58,28.65,0.166,148.11,29.1,6.02,60.8,84.83,7.12,102
520,16,2025-09-17 15:22:58,72.68,0.875,418.35,58.4,4.22,57.3,45.7,1.04,0
521,22,2025-09-19 15:41:58,32.53,0.18,145.45,24.5,7.06,49.2,87.61,2.11,0
522,3,2025-09-23 18:30:58,38.56,0.293,82.56,76.6,5.47,69.5,86.6,1.59,0
523,4,2025-09-10 05:27:58,32.87,0.145,154.33,49.6,2.2,65.2,86.9,7.83,101
524,15,2025-09-25 20:49:58,56.1,0.464,292.44,32.0,3.09,59.6,79.89,4.15,0
525,20,2025-09-19 20:20:58,31.42,0.134,183.47,32.9,1.2,48.1,86.63,1.12,0
526,18,2025-09-19 07:04:58,40.25,0.187,198.47,39.8,7.29,50.5,84.38,3.71,0
527,20,2025-09-10 08:58:58,37.38,0.29,129.68,64.9,1.12,55.0,86.3,0.63,103
528,24,2025-09-20 10:57:58,41.27,0.137,118.37,79.5,6.41,60.7,82.75,7.53,0
529,25,2025-08-27 19:27:58,38.86,0.127,176.38,50.6,1.44,43.6,81.3,7.57,0
530,9,2025-09-25 08:07:58,26.41,0.069,24.27,79.3,8.13,50.3,93.32,2.65,0
531,18,2025-09-19 20:12:58,42.47,0.143,168.5,86.9,3.17,48.0,80.34,0.58,103
532,14,2025-09-14 10:13:58,20.93,0.047,43.14,74.8,2.9,62.5,94.36,4.63,0
533,17,2025-09-20 05:40:58,43.42,0.248,133.57,87.6,1.34,54.2,91.12,6.43,0
534,8,2025-09-12 15:39:58,43.34,0.167,71.75,43.7,1.87,54.9,94.31,1.02,101
535,19,2025-08-29 23:41:58,31.37,0.238,115.46,54.7,5.46,37.6,81.45,5.21,0
536,23,2025-09-07 16:58:58,45.18,0.426,219.73,47.1,7.88,36.9,76.53,5.26,103
537,18,2025-09-10 15:44:58,43.24,0.24,131.92,48.8,2.59,59.0,83.73,6.93,0
538,5,2025-08-28 07:22:58,38.87,0.294,150.2,56.0,5.05,68.1,85.46,3.32,0
539,21,2025-09-07 06:04:58,40.87,0.165,103.41,80.9,9.47,47.9,91.27,4.43,0
540,15,2025-09-19 20:39:58,45.56,0.452,243.13,76.9,8.88,49.7,63.55,6.38,0
541,2,2025-08-31 16:55:58,52.64,0.405,235.18,40.4,6.31,55.9,68.8,6.52,0
542,15,2025-09-07 00:31:58,48.06,0.457,256.88,69.9,8.23,56.7,78.26,7.5,103
543,25,2025-09-24 14:29:58,40.93,0.212,59.89,30.1,6.23,69.4,80.78,2.15,102
544,17,2025-09-26 01:06:58,32.3,0.274,193.67,54.7,6.92,64.9,93.3,3.56,101
545,17,2025-09-24 16:25:58,26.78,0.116,167.84,25.0,8.03,36.2,84.62,3.48,0
546,19,2025-09-08 17:21:58,35.73,0.193,195.49,95.1,8.25,31.1,85.42,1.0,0
547,6,2025-09-09 10:25:58,31.45,0.248,152.05,76.1,4.67,60.0,93.27,7.59,103
548,25,2025-09-02 04:00:58,33.29,0.214,130.87,88.0,4.17,50.6,87.38,4.47,0
549,1,2025-09-21 09:44:58,22.44,0.03,42.32,66.5,5.79,34.0,92.64,7.24,0
550,9,2025-09-25 06:51:58,23.82,0.071,46.92,24.3,3.65,39.4,91.8,7.75,103
551,6,2025-09-14 01:59:58,27.74,0.251,78.84,42.8,9.5,62.0,81.71,3.17,103
552,6,2025-09-09 06:22:58,43.98,0.182,114.41,37.9,2.95,64.1,91.82,5.49,0
553,25,2025-08-28 14:24:58,44.75,0.169,80.3,40.9,4.79,40.4,83.55,1.87,101
554,23,2025-09-01 09:21:58,54.53,0.403,222.45,59.3,3.9,38.7,62.58,1.82,102
555,11,2025-09-14 07:03:58,33.87,0.176,124.97,93.1,4.95,35.6,83.01,3.35,103
556,15,2025-09-05 13:41:58,47.07,0.379,257.06,88.5,7.8,30.5,63.07,3.62,0
557,3,2025-08-27 13:49:58,36.26,0.216,99.56,64.2,8.54,61.5,85.26,3.17,0
558,8,2025-08-29 13:48:58,43.27,0.171,109.8,29.4,5.35,50.0,80.98,3.32,102
559,18,2025-09-17 11:48:58,27.18,0.163,85.68,44.7,5.34,60.5,88.96,6.45,102
560,20,2025-09-06 04:29:58,30.17,0.199,67.82,30.7,3.7,65.5,87.27,3.52,0
561,1,2025-09-12 03:19:58,24.99,0.022,37.67,48.8,4.57,66.4,98.63,0.61,101
562,3,2025-08-30 14:44:58,39.37,0.183,190.58,34.9,9.55,65.7,83.28,2.9,0
563,22,2025-09-15 21:13:58,26.55,0.154,146.21,67.2,2.63,42.1,81.33,6.51,103
564,24,2025-09-21 09:32:58,36.55,0.216,182.54,41.5,4.0,33.5,90.46,3.29,102
565,7,2025-09-10 15:50:58,33.32,0.244,133.53,93.6,2.93,34.9,93.74,6.66,0
566,2,2025-09-12 09:37:58,45.71,0.369,284.8,35.7,4.7,58.0,67.32,3.59,0
567,3,2025-09-20 23:05:58,25.14,0.115,85.95,79.5,4.22,58.5,90.0,1.78,103
568,16,2025-09-03 17:19:58,60.49,0.631,405.6,52.3,2.97,67.4,48.3,0.79,0
569,3,2025-08-26 14:13:58,25.98,0.284,169.5,61.1,3.97,38.2,92.13,0.91,0
570,13,2025-09-13 09:21:58,51.1,0.317,221.39,40.4,1.46,40.0,69.05,2.1,102
571,19,2025-09-17 05:10:58,32.1,0.219,113.68,86.4,9.47,66.0,90.63,4.19,0
572,3,2025-09-05 16:34:58,36.38,0.293,119.27,38.7,6.58,49.1,91.62,1.74,0
573,8,2025-09-08 12:23:58,42.21,0.25,141.19,75.9,2.77,64.1,86.14,6.78,0
574,13,2025-09-16 19:37:58,53.85,0.499,212.54,98.8,1.75,48.9,70.04,2.82,0
575,7,2025-09-17 19:15:58,33.47,0.281,88.14,62.9,8.58,45.6,90.99,5.58,103
576,21,2025-09-20 10:21:58,39.68,0.286,116.29,65.9,8.16,47.7,91.53,7.45,103
577,21,2025-08-27 18:11:58,32.07,0.218,84.8,55.8,1.92,57.7,86.0,6.94,103
578,9,2025-09-19 03:30:58,29.58,0.091,45.93,44.4,5.05,40.1,99.26,4.85,0
579,8,2025-09-06 03:04:58,43.47,0.177,132.4,61.1,8.72,47.5,92.29,1.29,0
580,6,2025-09-21 14:35:58,39.48,0.205,75.35,46.5,7.76,60.9,94.47,2.31,101
581,4,2025-09-05 08:10:58,34.28,0.19,67.68,80.4,6.97,62.5,83.63,5.96,0
582,24,2025-09-14 05:34:58,30.81,0.253,174.07,83.2,5.27,62.3,85.48,6.18,102
583,19,2025-09-08 15:56:58,40.46,0.117,156.05,94.4,2.03,43.8,83.2,4.47,0
584,3,2025-08-28 05:41:58,42.9,0.161,57.53,20.5,5.82,44.4,89.77,6.05,0
585,5,2025-09-08 05:18:58,43.84,0.237,93.07,75.1,4.61,38.8,92.75,7.38,0
586,25,2025-09-10 19:23:58,42.93,0.169,158.3,34.9,7.77,39.9,81.52,2.32,0
587,19,2025-09-19 06:01:58,27.8,0.246,159.51,39.6,8.57,66.6,88.26,4.31,0
588,9,2025-09-11 03:44:58,27.29,0.046,43.85,67.7,6.21,51.8,90.19,1.31,0
589,18,2025-09-23 17:13:58,38.35,0.131,95.04,43.9,6.35,56.1,93.95,0.75,101
590,13,2025-09-08 20:46:58,54.77,0.352,233.41,97.9,6.07,68.1,65.24,1.02,102
591,22,2025-09-24 14:27:58,28.72,0.183,145.08,80.1,9.26,55.3,85.22,4.7,0
592,9,2025-08-29 21:08:58,22.46,0.022,28.99,45.9,9.07,38.1,91.22,7.12,103
593,9,2025-09-16 11:05:58,22.38,0.004,16.8,90.3,4.01,30.8,96.78,2.96,102
594,6,2025-09-06 14:54:58,27.92,0.283,104.09,42.0,9.37,63.4,88.8,4.71,101
595,5,2025-09-06 11:03:58,31.34,0.181,157.27,61.0,5.84,50.2,84.63,2.09,0
596,22,2025-09-23 10:57:58,44.76,0.133,184.42,36.4,5.21,64.0,93.35,3.4,0
597,14,2025-09-07 22:37:58,23.52,0.034,16.98,86.3,2.81,40.9,93.82,3.23,101
598,19,2025-09-01 01:28:58,25.41,0.103,190.77,47.3,9.56,59.7,94.99,1.46,0
599,4,2025-08-28 08:06:58,44.45,0.205,162.17,46.9,5.63,44.4,92.47,1.95,101
600,8,2025-09-08 02:50:58,44.81,0.248,186.68,95.9,7.06,35.6,83.26,5.32,102
601,20,2025-09-11 17:56:58,27.53,0.136,187.93,88.7,5.04,44.6,86.2,4.16,0
602,24,2025-09-08 10:36:58,43.18,0.158,187.69,87.9,1.41,56.1,82.25,4.7,0
603,1,2025-09-11 19:48:58,25.44,0.031,48.39,61.9,5.05,51.3,93.77,6.86,102
604,19,2025-08-28 07:37:58,35.86,0.109,87.81,62.5,8.86,63.0,91.12,3.49,102
605,8,2025-09-15 22:57:58,42.37,0.239,180.57,66.2,8.96,69.1,94.8,6.1,103
606,18,2025-09-10 12:54:58,42.94,0.275,112.04,26.8,3.07,50.9,84.75,1.63,102
607,21,2025-09-22 17:21:58,25.87,0.283,123.09,79.8,3.9,38.6,83.69,7.6,101
608,10,2025-09-21 04:14:58,26.2,0.009,20.41,43.7,2.92,65.9,93.36,4.76,0
609,8,2025-08-30 06:59:58,29.75,0.107,109.75,71.0,1.29,35.6,88.72,6.6,101
610,16,2025-09-17 14:55:58,65.45,0.944,353.05,67.5,5.59,37.9,54.36,4.72,0
611,23,2025-09-18 23:02:58,53.48,0.323,220.61,53.1,7.77,39.1,64.81,3.9,0
612,19,2025-09-11 09:38:58,37.15,0.236,117.26,52.5,7.7,46.1,84.79,5.67,0
613,19,2025-09-01 22:13:58,33.44,0.126,54.53,61.9,1.41,34.3,86.57,6.79,101
614,23,2025-08-31 22:44:58,54.1,0.429,249.14,52.2,8.44,36.8,79.22,0.99,0
615,4,2025-09-10 04:49:58,41.93,0.213,59.83,87.7,2.38,67.3,92.92,5.33,102
616,19,2025-08-28 04:05:58,37.38,0.111,138.46,93.7,9.82,43.3,92.7,7.56,101
617,16,2025-08-28 03:26:58,77.82,0.706,375.25,58.5,9.71,56.7,57.81,7.37,0
618,17,2025-08-27 12:57:58,41.68,0.141,131.72,53.7,7.35,49.0,87.57,1.43,0
619,2,2025-09-17 10:41:58,57.58,0.383,209.22,59.4,7.69,51.8,62.3,5.47,103
620,3,2025-08-27 22:58:58,34.79,0.259,55.11,26.5,4.31,59.7,85.89,5.68,101
621,18,2025-09-13 03:23:58,37.55,0.269,155.28,28.4,5.35,30.1,81.81,7.41,0
622,4,2025-09-02 02:35:58,32.14,0.198,99.44,86.6,5.34,46.3,93.22,1.99,0
623,4,2025-09-03 12:01:58,30.55,0.299,147.28,29.9,4.84,55.8,90.07,2.58,0
624,10,2025-09-07 16:13:58,26.34,0.066,14.11,83.3,3.09,58.0,92.18,4.11,103
625,19,2025-09-18 05:31:58,37.43,0.224,166.13,55.1,5.75,70.0,81.58,6.8,0
626,25,2025-09-01 08:37:58,39.95,0.139,111.16,65.9,4.95,41.6,93.1,0.92,102
627,21,2025-08-30 06:04:58,28.48,0.179,188.11,74.7,8.8,53.9,82.27,2.46,0
628,2,2025-09-22 09:38:58,59.93,0.349,217.07,35.6,4.84,33.8,60.31,2.97,0
629,25,2025-09-06 00:06:58,26.67,0.234,124.93,43.3,1.68,65.8,91.74,2.19,103
630,11,2025-09-14 02:50:58,31.57,0.274,186.75,25.9,1.76,47.2,84.86,2.23,103
631,4,2025-09-20 14:31:58,38.29,0.24,73.82,25.7,5.66,60.2,89.82,5.59,0
632,14,2025-08-28 19:07:58,23.54,0.001,19.41,61.3,2.4,51.7,92.04,3.41,101
633,3,2025-08-30 08:08:58,25.78,0.131,123.39,45.8,3.03,53.6,90.89,0.8,102
634,24,2025-08-31 11:32:58,35.95,0.291,133.86,39.4,1.44,39.6,83.15,7.79,103
635,20,2025-09-09 13:41:58,26.13,0.274,116.72,95.6,8.8,58.3,83.99,7.39,102
636,16,2025-09-18 22:54:58,63.16,0.615,412.75,41.7,7.89,63.8,57.32,5.38,0
637,10,2025-09-04 01:47:58,29.64,0.063,37.13,72.7,2.05,40.8,92.37,2.0,0
638,9,2025-08-28 16:33:58,24.72,0.043,28.6,34.8,9.13,55.3,94.04,2.44,103
639,25,2025-09-22 14:46:58,43.7,0.271,144.19,72.5,2.27,40.2,82.03,4.78,0
640,17,2025-08-28 23:46:58,27.95,0.116,161.52,27.1,3.59,34.3,93.25,7.54,0
641,10,2025-09-01 19:27:58,21.8,0.017,10.24,21.0,9.88,38.3,90.05,3.12,0
642,4,2025-09-08 16:29:58,38.99,0.241,60.5,94.0,5.72,67.0,88.03,2.09,102
643,13,2025-09-21 17:44:58,51.99,0.48,275.07,25.0,8.67,36.6,70.99,5.73,102
644,21,2025-08-30 16:24:58,39.79,0.246,162.87,95.6,5.68,34.6,83.4,2.73,0
645,21,2025-08-31 08:20:58,44.02,0.297,121.56,57.5,2.84,49.0,80.7,3.35,0
646,6,2025-09-23 09:56:58,38.09,0.242,127.57,21.4,4.68,41.3,90.66,2.64,102
647,23,2025-09-20 22:44:58,57.74,0.449,296.15,25.8,1.24,59.7,76.46,4.82,101
648,1,2025-09-06 10:35:58,21.18,0.038,10.24,27.3,2.92,54.6,94.36,3.64,102
649,10,2025-09-14 03:05:58,29.37,0.052,34.08,92.8,1.95,58.3,96.66,2.64,102
650,13,2025-09-24 14:08:58,50.48,0.33,283.69,55.2,3.55,59.0,64.95,2.37,103
651,9,2025-09-20 22:04:58,27.95,0.066,19.65,51.7,4.24,50.7,97.63,6.1,103
652,6,2025-09-09 20:17:58,44.73,0.154,81.97,31.7,1.9,49.0,90.19,6.99,0
653,19,2025-09-18 15:22:58,33.44,0.237,104.46,33.4,3.69,31.7,82.12,4.22,0
654,10,2025-08-27 11:21:58,20.86,0.093,19.3,65.2,8.82,66.3,98.7,6.6,0
655,10,2025-09-18 13:35:58,25.53,0.097,45.52,49.2,7.19,35.7,95.33,5.23,103
656,23,2025-09-22 06:14:58,54.11,0.342,200.62,32.3,8.32,37.4,75.0,3.7,102
657,15,2025-09-12 11:45:58,53.06,0.437,282.11,90.6,7.02,55.3,70.88,3.0,102
658,11,2025-09-19 17:15:58,25.08,0.256,79.11,37.7,3.88,68.5,89.56,7.38,0
659,18,2025-09-04 12:21:58,28.03,0.234,142.4,26.3,1.01,50.2,91.42,6.14,0
660,14,2025-09-09 12:44:58,23.83,0.002,17.6,69.2,9.88,67.8,93.36,1.37,0
661,18,2025-09-13 22:27:58,30.19,0.16,140.03,23.0,6.75,63.5,86.12,6.32,0
662,8,2025-09-07 10:57:58,41.09,0.173,51.21,58.8,5.9,58.3,88.32,4.52,102
663,4,2025-09-20 06:05:58,44.74,0.247,148.2,52.5,9.28,66.1,90.74,0.6,101
664,16,2025-09-03 01:13:58,72.16,0.524,455.26,24.6,1.73,62.4,53.46,7.61,0
665,2,2025-09-15 03:02:58,47.02,0.432,214.36,30.2,7.89,39.1,78.17,1.45,101
666,3,2025-09-04 02:50:58,26.52,0.178,185.36,59.8,8.52,47.6,85.6,2.79,102
667,13,2025-09-18 17:39:58,52.36,0.422,206.27,97.3,1.33,31.4,74.51,5.47,101
668,20,2025-09-20 17:35:58,30.54,0.221,148.74,31.8,9.91,70.0,90.85,1.23,101
669,9,2025-09-03 04:33:58,24.98,0.09,13.73,49.2,5.54,34.5,94.79,6.86,0
670,20,2025-09-03 08:06:58,34.26,0.294,50.69,76.0,7.97,60.4,88.11,7.9,102
671,8,2025-08-28 09:37:58,38.15,0.21,199.82,38.9,5.78,51.8,93.68,6.38,101
672,23,2025-09-05 09:13:58,58.0,0.341,250.59,44.1,4.46,63.9,69.15,1.18,0
673,14,2025-09-23 12:47:58,24.99,0.089,37.57,89.9,9.56,60.0,96.72,2.62,0
674,1,2025-09-05 09:52:58,20.74,0.074,47.41,95.4,8.83,38.9,94.37,5.72,0
675,5,2025-09-19 09:58:58,41.68,0.125,142.82,92.2,1.49,38.2,89.03,5.86,0
676,1,2025-09-20 13:24:58,26.43,0.068,47.36,85.0,9.99,45.8,94.49,6.52,0
677,21,2025-09-17 01:59:58,44.48,0.267,131.38,76.7,4.69,53.1,92.74,1.75,0
678,1,2025-08-31 01:46:58,22.2,0.075,32.86,89.5,5.74,59.4,99.77,0.74,0
679,14,2025-08-28 18:08:58,25.12,0.075,39.27,76.5,3.17,38.4,98.63,5.81,0
680,2,2025-09-20 05:34:58,48.68,0.38,234.07,52.3,9.98,52.0,77.92,4.36,0
681,24,2025-09-18 14:47:58,31.24,0.276,63.61,61.7,5.88,59.1,89.52,4.2,101
682,6,2025-09-22 08:37:58,35.05,0.197,94.6,92.0,8.04,59.0,88.0,1.54,102
683,19,2025-09-06 23:17:58,35.96,0.288,145.54,31.6,6.78,50.7,86.49,7.0,103
684,7,2025-09-10 11:28:58,33.39,0.126,131.84,65.4,1.83,58.5,90.26,6.04,102
685,9,2025-09-09 12:46:58,27.55,0.021,39.56,23.4,8.59,42.9,95.77,5.42,0
686,22,2025-09-19 20:44:58,25.31,0.108,163.53,81.0,5.38,61.7,87.98,1.46,103
687,2,2025-09-21 22:48:58,55.28,0.387,277.88,44.5,8.41,56.7,61.42,1.01,0
688,6,2025-09-08 19:25:58,37.4,0.292,189.45,44.4,4.91,36.3,85.26,7.2,0
689,4,2025-09-12 16:02:58,35.9,0.291,173.9,74.6,8.99,34.1,88.04,4.41,0
690,25,2025-09-05 08:45:58,27.75,0.211,149.23,97.3,8.42,45.7,81.35,5.74,0
691,23,2025-09-06 06:19:58,53.47,0.41,200.58,78.3,6.01,52.8,79.16,4.96,0
692,19,2025-09-17 00:39:58,31.25,0.205,115.49,36.3,6.64,43.6,83.66,3.92,103
693,22,2025-09-04 07:27:58,28.62,0.254,56.63,74.4,9.14,68.8,86.35,3.06,0
694,16,2025-08-27 03:47:58,61.92,0.784,341.33,30.8,3.39,44.3,50.63,6.64,102
695,17,2025-09-10 20:42:58,26.38,0.137,152.26,89.2,8.76,47.1,80.28,5.04,102
696,11,2025-09-24 01:24:58,27.77,0.109,194.32,80.8,8.87,47.2,83.27,5.71,101
697,13,2025-09-04 23:12:58,54.91,0.307,221.12,58.0,9.02,68.6,79.78,3.29,0
698,19,2025-08-31 04:17:58,29.6,0.276,57.2,61.5,1.98,57.3,93.29,2.39,0
699,1,2025-09-07 16:53:58,28.84,0.024,13.58,36.8,9.13,48.6,91.75,5.25,0
700,13,2025-09-15 23:11:58,54.32,0.445,223.02,40.9,3.6,39.2,62.83,7.98,0
701,14,2025-09-20 04:59:58,22.8,0.057,24.2,37.1,5.39,43.1,90.74,7.77,0
702,9,2025-09-21 06:14:58,28.22,0.009,32.14,94.8,6.05,41.4,98.51,2.17,0
703,16,2025-09-21 19:39:58,71.32,0.813,461.29,89.7,8.68,32.8,56.4,4.57,0
704,7,2025-09-15 06:13:58,43.47,0.17,92.05,46.0,5.59,57.6,85.4,2.13,103
705,17,2025-09-04 09:00:58,37.06,0.252,126.48,21.2,3.24,63.2,87.43,7.38,103
706,12,2025-09-18 14:57:58,26.39,0.116,166.1,29.6,3.83,53.2,84.83,1.54,101
707,17,2025-09-14 06:51:58,32.77,0.267,110.44,38.9,5.82,56.4,80.12,0.97,0
708,3,2025-09-22 12:09:58,35.08,0.29,151.03,43.9,4.52,41.6,84.11,5.34,0
709,7,2025-09-04 19:00:58,26.76,0.192,111.38,42.8,1.98,56.3,89.14,5.2,102
710,1,2025-09-22 08:48:58,20.51,0.049,32.18,69.1,6.41,32.2,92.22,1.55,102
711,13,2025-09-04 23:20:58,54.43,0.351,261.28,79.5,2.56,41.6,60.99,3.95,0
712,4,2025-09-02 04:04:58,35.01,0.207,187.42,62.6,1.8,39.2,92.44,1.35,0
713,22,2025-09-04 05:47:58,33.67,0.242,94.16,28.2,7.42,68.9,90.37,4.82,101
714,23,2025-09-02 23:29:58,46.21,0.372,248.17,48.3,9.83,46.1,62.37,1.1,0
715,19,2025-09-20 21:43:58,39.09,0.218,111.32,33.2,1.51,46.9,91.5,0.54,101
716,21,2025-09-11 21:56:58,31.13,0.207,145.69,34.7,5.99,54.6,83.17,0.73,103
717,18,2025-08-27 15:09:58,37.02,0.112,179.29,85.5,1.81,34.7,88.78,3.59,101
718,19,2025-09-08 06:31:58,37.34,0.101,178.75,27.0,2.09,44.0,82.0,7.57,0
719,12,2025-09-05 22:55:58,25.48,0.253,53.13,54.9,2.85,46.9,83.13,6.45,0
720,17,2025-08-30 20:54:58,34.27,0.218,98.99,43.8,3.65,37.6,83.16,4.01,103
721,12,2025-09-07 09:19:58,25.61,0.174,175.99,76.0,4.04,55.9,92.93,7.67,0
722,4,2025-09-24 13:24:58,27.89,0.296,146.44,54.4,3.03,30.7,86.79,5.98,101
723,18,2025-09-24 11:06:58,40.58,0.221,91.06,78.6,9.62,35.3,80.63,1.96,101
724,9,2025-09-22 06:21:58,26.68,0.024,42.58,78.7,1.06,59.6,95.46,3.08,0
725,16,2025-09-15 13:57:58,73.75,0.73,350.13,58.0,8.95,35.2,51.1,4.42,101
726,24,2025-09-05 12:45:58,29.16,0.115,131.43,96.0,1.06,31.5,90.86,6.42,103
727,11,2025-08-26 03:38:58,41.75,0.217,106.55,62.6,2.89,51.8,83.39,5.33,103
728,4,2025-08-30 12:49:58,42.21,0.109,171.4,53.7,8.22,44.6,88.04,2.28,0
729,25,2025-09-06 23:38:58,42.35,0.275,62.58,65.9,1.55,51.6,93.86,6.74,0
730,12,2025-09-19 23:26:58,41.01,0.244,107.79,41.4,9.0,35.7,86.33,6.33,102
731,17,2025-09-08 08:28:58,25.69,0.112,59.47,70.2,7.4,61.9,93.5,7.4,0
732,15,2025-08-29 16:15:58,55.49,0.48,213.01,96.4,4.82,41.3,74.51,6.56,0
733,23,2025-09-07 04:13:58,47.44,0.335,251.08,43.2,9.32,41.6,74.58,5.53,0
734,25,2025-09-09 16:15:58,44.02,0.159,180.01,39.6,2.93,50.3,85.19,7.07,0
735,14,2025-09-23 13:00:58,20.61,0.083,24.23,39.2,7.95,61.2,95.48,2.8,102
736,19,2025-08-30 07:37:58,30.56,0.271,51.11,81.7,2.08,51.0,94.37,5.84,102
737,12,2025-09-22 13:18:58,38.17,0.231,110.52,84.3,1.31,33.7,93.84,4.49,0
738,20,2025-09-02 06:40:58,35.6,0.223,139.68,55.4,8.9,52.7,94.98,3.78,101
739,14,2025-09-15 09:32:58,24.4,0.078,40.92,81.4,8.2,47.3,95.97,1.75,0
740,7,2025-08-31 21:48:58,36.75,0.265,143.33,94.7,7.65,54.9,93.91,3.73,0
741,2,2025-09-15 13:05:58,56.88,0.37,242.81,98.3,9.44,67.8,63.74,2.35,101
742,20,2025-09-15 18:59:58,28.74,0.262,74.39,61.1,4.93,50.4,93.0,2.0,0
743,7,2025-09-11 15:58:58,38.22,0.186,195.45,40.4,1.23,40.7,82.1,7.2,0
744,15,2025-09-12 11:32:58,54.69,0.348,284.55,46.3,8.71,66.5,78.04,1.28,102
745,10,2025-09-08 06:46:58,24.98,0.066,25.56,32.3,7.26,55.0,97.63,6.31,103
746,7,2025-09-07 10:57:58,42.03,0.198,100.46,34.2,2.45,62.0,82.62,4.32,0
747,9,2025-09-21 19:06:58,28.15,0.02,34.78,81.6,1.54,59.8,97.25,7.82,101
748,17,2025-09-16 11:00:58,39.63,0.169,112.78,48.2,5.05,35.4,83.13,7.26,0
749,9,2025-09-26 01:06:58,22.44,0.015,27.11,52.7,9.54,56.5,98.99,4.65,0
750,23,2025-08-29 15:08:58,59.16,0.436,275.17,27.9,4.58,61.5,68.59,5.27,0
751,6,2025-09-07 03:29:58,40.68,0.163,188.92,84.8,2.34,39.1,93.61,6.58,0
752,15,2025-08-29 06:08:58,57.14,0.3,211.77,90.2,5.47,45.1,64.41,4.71,0
753,13,2025-09-22 17:25:58,54.31,0.382,244.59,48.5,1.87,43.5,78.85,1.08,0
754,10,2025-09-09 09:27:58,23.0,0.074,47.3,47.8,4.38,39.9,93.38,5.08,101
755,17,2025-09-06 00:42:58,33.72,0.139,138.14,58.1,3.53,56.1,94.46,7.94,102
756,14,2025-09-22 18:07:58,29.74,0.094,32.42,27.9,8.31,44.7,91.25,3.02,102
757,13,2025-09-02 02:34:58,56.27,0.404,286.28,45.3,8.6,34.3,66.11,4.36,101
758,6,2025-09-12 15:05:58,36.12,0.281,137.21,57.8,8.91,41.0,84.04,0.88,0
759,24,2025-09-06 15:10:58,30.33,0.264,134.87,91.4,6.18,31.4,88.59,5.93,0
760,25,2025-09-21 21:02:58,32.45,0.164,177.7,85.4,2.22,37.9,90.14,1.44,0
761,10,2025-08-27 16:00:58,25.33,0.068,42.11,59.3,8.79,34.0,90.98,6.42,0
762,11,2025-09-25 08:59:58,41.58,0.243,197.14,81.8,5.55,62.9,87.01,7.37,101
763,11,2025-09-02 05:31:58,43.66,0.101,120.26,67.1,9.87,69.8,86.85,4.39,102
764,18,2025-09-23 07:53:58,40.73,0.213,96.39,98.4,5.43,68.1,94.24,3.72,0
765,22,2025-09-05 06:14:58,36.97,0.108,171.19,38.3,8.93,46.1,92.02,5.99,0
766,19,2025-09-18 07:52:58,26.69,0.132,110.9,38.5,8.42,45.5,94.38,3.63,0
767,6,2025-09-25 14:41:58,32.4,0.269,127.86,64.5,9.29,51.2,82.39,3.92,0
768,19,2025-09-04 20:55:58,43.12,0.267,167.23,49.4,1.83,63.6,85.16,7.59,103
769,14,2025-08-27 01:09:58,23.86,0.069,39.66,38.0,1.27,51.2,91.94,1.72,0
770,3,2025-08-29 18:32:58,38.7,0.11,100.84,27.1,1.63,65.2,90.44,6.9,0
771,23,2025-08-29 01:41:58,52.55,0.424,221.76,41.4,1.32,65.4,71.45,2.19,103
772,17,2025-09-18 19:19:58,33.3,0.102,117.93,23.2,6.77,53.9,87.61,0.73,0
773,22,2025-09-10 10:05:58,26.3,0.209,143.82,31.0,6.78,49.4,92.93,5.11,0
774,13,2025-09-18 09:29:58,53.6,0.329,207.12,51.7,2.21,66.2,63.86,1.39,0
775,10,2025-09-21 10:31:58,20.15,0.041,29.37,49.0,5.33,34.3,96.91,3.62,0
776,24,2025-09-12 08:38:58,35.08,0.109,90.23,32.3,9.02,31.6,93.37,4.18,103
777,6,2025-09-06 01:01:58,36.0,0.279,182.64,24.4,4.64,40.9,91.47,7.77,103
778,25,2025-09-18 23:27:58,34.12,0.179,182.28,81.9,2.72,49.0,86.65,4.34,0
779,21,2025-09-03 03:52:58,38.98,0.299,129.1,39.2,3.32,45.5,87.31,5.33,101
780,4,2025-09-01 20:42:58,28.37,0.201,185.61,40.6,8.5,34.0,82.94,3.71,0
781,16,2025-09-21 12:34:58,60.09,0.611,387.5,53.7,3.2,39.1,50.89,4.08,0
782,4,2025-09-08 01:43:58,41.24,0.291,128.62,41.4,6.94,41.3,89.39,4.74,103
783,5,2025-09-03 15:58:58,28.03,0.178,51.14,59.5,7.84,50.2,88.89,7.65,0
784,24,2025-09-04 07:26:58,32.9,0.252,183.76,60.6,8.54,36.2,83.48,0.68,101
785,20,2025-09-02 10:09:58,41.31,0.2,167.5,67.7,2.15,34.1,84.65,3.63,0
786,11,2025-09-16 07:17:58,30.26,0.118,63.77,70.8,9.34,49.9,85.79,7.11,103
787,7,2025-09-23 08:35:58,37.79,0.278,122.15,23.9,9.61,30.4,93.13,2.22,0
788,10,2025-08-30 18:07:58,26.2,0.034,39.95,37.1,3.19,61.5,90.7,6.75,0
789,7,2025-09-14 23:54:58,29.24,0.152,188.47,81.6,6.56,65.1,85.75,7.53,102
790,14,2025-09-04 07:47:58,22.56,0.08,18.26,30.9,5.23,47.7,90.99,1.87,0
791,18,2025-08-31 12:32:58,28.95,0.148,85.0,42.3,9.41,57.6,85.14,2.87,103
792,15,2025-09-18 07:25:58,56.98,0.393,206.61,58.8,8.49,69.0,72.89,7.53,101
793,6,2025-09-14 18:37:58,27.12,0.264,123.53,52.3,4.57,60.3,82.68,7.52,102
794,9,2025-09-19 06:54:58,26.6,0.065,46.45,20.1,7.04,66.0,97.56,5.73,0
795,2,2025-09-08 21:36:58,57.25,0.302,224.95,64.2,9.56,39.6,63.66,3.24,103
796,12,2025-09-16 21:04:58,35.0,0.235,155.16,32.3,5.37,37.1,89.99,6.55,0
797,10,2025-08-30 15:29:58,24.52,0.027,46.75,28.7,2.07,57.4,93.73,0.95,103
798,14,2025-09-05 00:23:58,26.73,0.017,17.5,53.1,5.25,39.4,95.54,6.42,101
799,24,2025-09-08 15:22:58,32.0,0.229,146.59,83.9,9.24,49.9,93.03,5.46,0
800,1,2025-09-14 11:28:58,28.91,0.008,18.58,33.9,1.81,62.5,99.35,0.92,103
801,17,2025-09-09 11:29:58,42.21,0.148,109.78,42.5,7.03,65.5,88.34,3.04,0
802,11,2025-08-29 14:16:58,43.65,0.246,86.38,68.5,5.18,40.2,94.44,2.51,0
803,11,2025-09-07 15:30:58,25.36,0.11,176.31,82.9,1.43,64.8,89.56,6.78,0
804,19,2025-09-09 05:15:58,25.09,0.185,163.99,92.8,2.25,31.4,87.37,4.41,102
805,18,2025-09-16 11:56:58,27.91,0.275,97.41,39.0,6.54,68.3,81.83,3.31,0
806,10,2025-09-14 17:24:58,23.01,0.028,30.79,68.3,5.99,31.8,94.47,2.22,101
807,1,2025-09-09 05:20:58,28.66,0.095,23.3,55.6,7.55,33.6,94.07,1.16,101
808,21,2025-09-09 13:27:58,40.68,0.185,99.03,68.0,3.74,63.9,86.02,7.6,0
809,1,2025-09-06 04:58:58,21.12,0.076,16.79,33.3,9.09,38.2,91.99,3.16,101
810,11,2025-09-24 09:44:58,40.0,0.202,62.58,64.0,9.95,41.9,82.59,4.63,0
811,19,2025-09-04 15:51:58,26.57,0.107,117.77,83.2,4.44,59.3,84.53,4.22,0
812,23,2025-08-31 20:10:58,60.0,0.336,266.59,21.5,5.94,58.1,73.81,7.4,0
813,7,2025-09-06 04:10:58,32.01,0.287,162.83,92.6,5.68,65.6,80.92,5.38,103
814,2,2025-09-16 04:03:58,52.36,0.332,228.73,60.8,4.85,62.3,64.84,1.29,0
815,13,2025-09-21 17:01:58,51.58,0.383,264.58,42.3,1.03,63.3,64.03,2.06,0
816,9,2025-09-08 05:16:58,23.94,0.004,41.74,55.2,4.07,41.5,95.24,5.72,0
817,17,2025-09-19 09:49:58,37.73,0.193,116.07,85.0,5.51,41.0,92.21,7.01,0
818,14,2025-09-12 23:55:58,27.01,0.042,23.16,41.9,4.42,57.8,93.74,7.93,102
819,18,2025-09-15 08:44:58,30.04,0.232,97.9,92.9,3.83,46.8,83.91,0.83,0
820,2,2025-09-23 20:25:58,47.9,0.382,236.69,79.8,6.06,43.5,74.93,1.07,0
821,11,2025-09-12 02:12:58,36.93,0.262,169.87,20.1,7.46,43.7,92.92,5.57,101
822,7,2025-08-26 16:05:58,39.07,0.262,78.67,69.1,2.2,36.2,93.81,6.01,0
823,16,2025-09-13 00:50:58,75.51,0.905,467.64,97.7,8.73,67.9,50.45,6.98,103
824,22,2025-09-06 15:38:58,39.58,0.132,89.8,55.9,3.33,41.5,84.07,2.54,0
825,21,2025-09-23 21:21:58,27.85,0.182,70.48,86.7,7.29,61.7,92.42,1.09,0
826,3,2025-09-18 06:24:58,33.75,0.129,170.43,31.6,7.49,36.3,86.73,2.38,0
827,22,2025-09-10 19:15:58,40.48,0.27,194.36,47.6,3.68,49.4,81.42,2.48,0
828,14,2025-09-17 03:48:58,25.96,0.03,42.9,52.4,2.04,60.0,93.43,6.88,0
829,7,2025-09-08 05:32:58,31.37,0.163,69.4,20.6,3.84,48.6,83.51,3.84,102
830,16,2025-09-25 02:00:58,60.8,0.663,305.19,86.8,6.97,57.9,52.01,6.39,0
831,7,2025-08-31 10:44:58,41.66,0.253,66.47,24.5,9.13,46.5,89.44,1.15,103
832,1,2025-09-03 08:28:58,26.76,0.002,27.78,54.2,1.8,60.7,95.79,1.73,0
833,25,2025-09-03 06:28:58,30.5,0.158,127.43,21.0,8.01,42.7,84.13,2.19,103
834,23,2025-09-08 08:13:58,49.81,0.348,221.82,55.7,2.7,33.5,62.69,2.16,101
835,20,2025-08-31 22:47:58,27.76,0.18,56.3,20.4,8.53,34.2,87.3,2.97,101
836,4,2025-09-08 04:35:58,27.59,0.265,157.51,98.9,9.26,42.8,91.88,4.02,103
837,11,2025-08-26 04:51:58,34.71,0.112,139.88,77.2,2.98,37.5,93.33,3.7,0
838,22,2025-09-17 10:18:58,35.54,0.217,143.75,56.5,6.99,48.4,83.57,3.4,0
839,16,2025-09-23 23:18:58,78.5,0.545,450.23,84.0,8.56,62.0,48.8,7.5,102
840,9,2025-09-18 15:29:58,22.72,0.019,14.22,51.4,5.48,49.9,93.84,7.41,0
841,8,2025-09-19 09:31:58,30.03,0.188,101.28,89.3,8.78,30.4,88.35,3.79,0
842,13,2025-09-19 05:33:58,46.48,0.469,207.82,73.8,7.35,51.5,74.99,7.06,103
843,17,2025-09-07 07:55:58,29.35,0.209,64.42,78.0,6.17,53.1,93.47,6.37,0
844,7,2025-09-08 02:28:58,32.57,0.174,81.06,53.7,9.07,62.4,87.89,0.64,0
845,23,2025-09-16 04:13:58,55.56,0.478,263.62,31.9,3.49,48.3,67.51,4.54,0
846,16,2025-09-06 11:09:58,72.36,0.764,422.97,61.6,8.34,38.7,48.12,1.84,101
847,7,2025-08-27 12:55:58,44.15,0.213,88.55,32.0,5.38,62.6,89.93,2.0,103
848,23,2025-09-21 03:33:58,48.75,0.403,270.01,58.0,8.38,48.6,64.88,2.87,102
849,13,2025-08-28 06:42:58,47.66,0.42,258.45,93.4,3.39,57.8,71.67,5.9,0
850,8,2025-09-15 22:18:58,28.86,0.288,101.48,81.4,3.62,62.3,82.17,6.11,103
851,3,2025-09-13 19:50:58,37.35,0.164,134.1,74.5,4.3,50.0,88.75,4.92,0
852,9,2025-09-06 21:26:58,28.46,0.079,38.23,86.4,2.95,43.8,92.56,3.85,0
853,1,2025-09-02 06:05:58,22.85,0.047,32.33,87.7,6.81,51.1,97.51,4.79,0
854,22,2025-09-03 05:20:58,36.6,0.193,53.78,47.3,9.69,57.3,87.02,5.84,103
855,3,2025-09-22 12:29:58,38.35,0.101,115.41,54.6,1.6,65.0,88.22,3.45,103
856,18,2025-09-01 16:06:58,41.3,0.264,50.2,57.6,6.29,31.9,80.84,7.19,102
857,6,2025-08-26 18:32:58,40.78,0.277,76.3,34.3,4.07,65.3,80.96,2.51,0
858,20,2025-09-05 16:22:58,34.51,0.188,119.78,71.6,9.19,60.7,92.06,4.44,0
859,22,2025-09-24 23:14:58,36.71,0.241,153.09,68.5,5.71,56.3,94.71,1.02,0
860,2,2025-09-14 02:11:58,47.32,0.379,240.95,56.9,8.49,60.9,77.98,3.78,0
861,18,2025-09-20 20:03:58,39.76,0.248,101.31,68.0,7.23,65.9,93.61,3.68,0
862,10,2025-09-17 05:30:58,26.83,0.024,34.42,77.1,9.77,53.3,92.82,6.47,0
863,6,2025-09-08 10:15:58,36.78,0.101,98.42,77.1,2.56,47.2,86.03,1.34,0
864,12,2025-09-24 20:58:58,36.05,0.285,161.74,97.7,9.63,60.7,90.62,1.02,0
865,13,2025-09-13 15:28:58,47.14,0.493,219.48,44.7,7.18,65.8,66.36,1.16,102
866,22,2025-09-10 23:25:58,35.13,0.193,182.04,84.6,5.68,65.8,87.0,3.69,101
867,2,2025-09-24 03:57:58,56.75,0.302,289.66,32.8,6.24,31.6,76.29,5.29,0
868,20,2025-09-10 17:39:58,27.39,0.211,103.98,51.0,6.27,33.8,92.6,1.71,103
869,25,2025-09-08 17:30:58,36.68,0.171,163.86,51.3,9.72,63.0,81.52,2.91,0
870,5,2025-08-29 07:58:58,28.6,0.114,140.44,81.8,2.42,32.8,94.67,3.66,0
871,5,2025-09-06 01:59:58,30.77,0.197,143.39,47.5,1.63,46.3,94.09,5.62,0
872,11,2025-09-03 21:26:58,44.87,0.235,167.17,26.0,9.76,38.1,86.84,1.7,103
873,10,2025-09-15 16:50:58,23.01,0.052,45.84,63.6,9.67,58.7,98.15,1.86,0
874,1,2025-09-09 02:08:58,24.91,0.095,34.27,98.6,6.61,36.9,90.53,2.59,0
875,1,2025-09-24 14:06:58,20.79,0.028,45.74,28.9,1.37,34.7,95.13,3.14,102
876,3,2025-09-13 06:49:58,31.54,0.275,120.0,74.8,1.6,47.0,92.75,6.98,102
877,1,2025-09-24 18:17:58,22.32,0.006,39.58,98.0,9.71,30.8,97.04,4.59,103
878,18,2025-08-29 14:21:58,25.25,0.201,88.15,44.4,6.15,41.1,92.07,2.03,0
879,10,2025-09-10 00:37:58,20.82,0.039,41.14,91.1,1.04,52.3,93.86,5.23,0
880,14,2025-09-12 10:29:58,21.02,0.045,25.5,93.9,7.4,48.8,94.62,1.38,0
881,10,2025-09-20 20:02:58,25.48,0.013,47.25,86.5,5.22,30.8,99.67,4.54,102
882,13,2025-09-19 19:33:58,58.35,0.436,235.26,51.0,7.25,49.0,79.96,2.24,101
883,3,2025-09-21 16:38:58,42.79,0.108,198.69,29.6,2.84,59.2,86.77,3.67,0
884,17,2025-09-04 12:19:58,33.36,0.109,51.39,47.1,2.0,42.0,93.06,6.62,103
885,1,2025-09-20 21:09:58,27.99,0.043,43.88,30.9,1.54,39.4,92.92,6.68,103
886,12,2025-09-04 07:58:58,29.98,0.263,146.73,47.0,2.74,49.9,87.07,0.72,0
887,14,2025-09-08 17:15:58,29.56,0.02,36.37,40.0,8.15,41.6,94.01,3.3,101
888,9,2025-09-10 17:28:58,26.01,0.038,19.7,59.6,2.53,32.6,92.89,5.04,0
889,10,2025-08-29 02:38:58,26.67,0.036,15.99,72.3,4.94,39.8,93.8,3.43,0
890,24,2025-09-02 19:03:58,43.78,0.164,72.62,84.5,6.22,42.4,87.5,4.93,102
891,8,2025-09-20 14:42:58,43.9,0.148,160.13,45.0,8.95,56.3,80.69,7.89,0
892,21,2025-09-01 13:00:58,26.6,0.157,191.17,76.2,9.52,57.6,81.06,4.18,0
893,7,2025-09-15 23:55:58,39.34,0.254,179.56,40.8,1.75,40.0,87.32,2.59,0
894,24,2025-08-30 16:13:58,36.34,0.202,112.51,89.8,2.15,53.6,80.95,3.32,103
895,20,2025-08-31 19:29:58,37.75,0.298,145.32,65.4,1.56,32.4,91.75,7.42,101
896,5,2025-09-02 22:00:58,42.94,0.29,57.46,67.6,9.14,35.9,86.42,3.46,0
897,13,2025-09-16 17:12:58,52.79,0.339,292.71,54.6,6.75,68.8,75.07,1.06,0
898,25,2025-09-01 21:49:58,27.75,0.206,97.97,59.7,9.66,67.5,89.26,7.5,0
899,17,2025-09-01 08:46:58,44.76,0.172,180.43,59.8,9.19,58.2,89.31,3.85,0
900,11,2025-09-11 18:58:58,39.3,0.104,156.48,36.6,6.98,67.5,93.95,1.88,102
901,10,2025-08-27 12:32:58,22.75,0.067,49.58,94.1,8.46,58.4,92.51,7.67,101
902,14,2025-09-04 08:55:58,21.31,0.097,23.48,46.5,3.68,45.2,99.16,7.89,101
903,14,2025-09-23 03:45:58,27.28,0.022,14.78,90.1,8.99,45.5,94.99,6.81,102
904,17,2025-09-16 19:42:58,34.19,0.278,190.76,82.9,3.7,39.3,90.44,2.57,0
905,15,2025-09-10 07:26:58,52.85,0.461,292.25,71.4,6.59,66.4,62.91,4.58,101
906,25,2025-09-17 15:42:58,31.01,0.196,182.65,30.8,3.32,39.0,81.97,6.36,0
907,15,2025-09-06 19:54:58,58.63,0.448,256.7,69.9,3.29,56.5,73.65,3.25,0
908,16,2025-09-17 10:44:58,74.76,0.556,450.98,67.3,1.79,38.1,52.24,6.44,0
909,6,2025-09-21 05:49:58,32.9,0.298,64.12,48.8,5.85,48.6,91.87,3.98,0
910,15,2025-08-28 15:12:58,46.89,0.457,216.48,62.1,5.15,66.8,60.31,7.12,101
911,25,2025-09-04 01:28:58,34.14,0.178,196.96,34.9,6.18,57.1,89.24,6.39,0
912,5,2025-09-13 20:17:58,34.83,0.124,58.32,91.5,1.14,42.2,86.91,4.23,102
913,5,2025-09-07 05:15:58,41.21,0.212,115.01,45.0,5.68,33.1,88.8,4.15,0
914,13,2025-09-24 20:53:58,59.43,0.303,266.11,65.8,8.05,63.1,71.63,2.82,102
915,13,2025-09-18 22:06:58,50.36,0.481,279.39,82.3,5.58,60.8,61.09,5.02,0
916,22,2025-09-20 13:19:58,40.22,0.277,147.7,39.1,5.11,55.6,81.23,1.51,103
917,11,2025-09-11 13:56:58,27.62,0.291,151.39,42.1,2.1,34.0,83.53,2.37,103
918,13,2025-09-21 05:22:58,50.1,0.444,231.03,50.2,9.1,45.7,74.35,7.65,0
919,23,2025-09-25 20:38:58,52.54,0.404,280.48,49.1,8.05,46.8,66.85,4.0,0
920,2,2025-09-15 10:08:58,58.96,0.402,267.62,47.3,1.88,32.0,66.38,2.63,0
921,9,2025-09-10 06:26:58,26.34,0.071,17.65,91.7,3.9,30.5,96.2,5.14,101
922,2,2025-09-19 10:53:58,55.9,0.492,230.99,91.0,5.3,30.7,73.24,4.22,101
923,17,2025-09-19 02:22:59,41.48,0.125,65.55,48.8,4.19,40.0,87.82,2.36,0
924,13,2025-09-03 21:44:59,48.76,0.369,285.17,67.1,2.64,61.1,66.79,7.27,0
925,17,2025-08-31 19:15:59,31.75,0.161,75.73,41.4,9.61,62.2,89.87,6.24,0
926,11,2025-09-16 14:49:59,30.44,0.118,171.11,82.1,7.49,38.7,82.5,6.69,0
927,22,2025-08-29 23:03:59,42.33,0.274,82.25,23.8,6.71,46.3,86.09,4.78,0
928,21,2025-09-07 15:20:59,34.73,0.211,70.21,33.2,5.71,39.9,83.55,1.4,102
929,22,2025-09-18 23:35:59,32.04,0.197,56.84,52.5,8.34,65.2,87.44,2.07,102
930,4,2025-09-17 15:23:59,33.51,0.254,53.57,94.0,7.0,42.1,85.4,7.49,0
931,25,2025-09-20 03:29:59,37.93,0.157,67.86,74.4,6.4,59.6,86.86,2.41,103
932,17,2025-08-30 16:22:59,38.22,0.291,196.79,87.5,5.79,35.9,93.72,4.75,101
933,19,2025-08-28 15:45:59,35.23,0.188,164.55,36.1,9.92,30.0,90.5,3.18,0
934,17,2025-09-04 20:11:59,35.96,0.101,194.52,29.8,2.35,38.7,80.17,3.75,102
935,6,2025-09-12 17:30:59,26.22,0.223,166.05,96.3,7.47,31.9,93.1,1.86,103
936,1,2025-08-29 08:53:59,24.14,0.079,10.73,69.1,4.88,61.2,98.03,1.65,0
937,8,2025-09-03 09:45:59,26.5,0.172,162.72,48.4,4.1,53.7,86.19,7.16,0
938,23,2025-09-12 04:14:59,52.28,0.336,200.85,58.9,5.52,31.3,75.91,7.24,102
939,5,2025-09-21 22:09:59,42.9,0.17,98.22,29.4,2.52,50.4,85.98,6.67,0
940,15,2025-09-10 17:48:59,49.47,0.492,284.28,28.7,8.72,59.4,65.73,6.33,0
941,10,2025-09-07 14:17:59,29.98,0.024,45.13,53.3,9.62,41.7,96.39,3.57,102
942,24,2025-08-30 11:45:59,38.76,0.196,85.63,41.4,9.17,65.9,80.04,3.97,103
943,1,2025-09-06 18:29:59,24.86,0.003,31.28,32.0,8.22,53.8,93.66,6.99,102
944,19,2025-08-27 05:02:59,26.97,0.292,66.28,61.9,4.37,64.2,81.17,7.18,101
945,5,2025-09-10 20:15:59,35.07,0.135,89.97,50.6,5.02,54.2,93.03,6.18,102
946,14,2025-09-22 21:14:59,22.67,0.083,47.62,63.5,5.47,44.2,95.77,5.96,0
947,12,2025-09-24 04:26:59,31.63,0.133,184.36,47.0,6.12,35.3,86.63,7.49,0
948,9,2025-09-23 21:27:59,20.1,0.085,14.54,43.7,2.2,64.9,98.38,6.96,101
949,4,2025-09-14 20:11:59,34.23,0.208,111.63,90.6,3.4,53.2,94.73,4.62,0
950,3,2025-09-24 19:42:59,31.35,0.263,115.32,72.8,9.7,35.6,86.99,3.95,0
951,17,2025-09-13 18:49:59,40.82,0.124,54.37,70.7,1.35,44.9,90.07,6.22,0
952,8,2025-09-02 20:11:59,34.58,0.265,135.9,60.2,1.66,46.6,85.91,7.46,0
953,19,2025-09-03 11:38:59,36.24,0.159,168.89,41.5,1.69,45.2,87.43,3.33,0
954,19,2025-09-11 12:34:59,28.39,0.153,147.81,26.0,7.02,64.7,86.47,1.58,103
955,2,2025-09-06 13:30:59,54.24,0.481,274.52,44.4,4.75,57.2,78.51,1.99,0
956,10,2025-09-14 05:38:59,25.9,0.051,11.97,76.5,8.42,45.1,93.71,2.51,0
957,19,2025-09-14 07:47:59,44.77,0.27,142.67,38.8,8.25,36.7,94.33,5.34,0
958,18,2025-09-24 14:39:59,42.68,0.275,153.43,90.6,2.38,56.5,80.47,0.89,101
959,11,2025-09-04 16:43:59,37.89,0.186,163.43,60.0,8.39,46.7,93.74,1.35,0
960,17,2025-09-09 16:55:59,33.41,0.209,199.83,46.8,2.75,42.0,85.96,6.42,0
961,17,2025-09-10 20:08:59,36.61,0.237,116.38,81.5,7.1,61.2,92.49,3.65,0
962,5,2025-09-04 11:48:59,37.36,0.143,61.78,28.0,5.2,59.1,86.1,7.84,102
963,14,2025-09-05 09:21:59,20.17,0.067,20.96,37.3,4.25,41.3,94.92,7.94,101
964,21,2025-09-10 12:51:59,35.46,0.215,173.94,42.8,5.09,65.0,86.76,5.16,102
965,5,2025-09-09 20:54:59,28.84,0.119,146.69,55.9,5.24,31.0,84.35,0.67,0
966,17,2025-09-25 09:24:59,38.18,0.152,97.26,72.6,7.06,58.1,85.26,7.75,102
967,5,2025-09-01 22:09:59,34.62,0.192,156.01,68.7,4.34,47.9,80.71,5.58,0
968,22,2025-09-03 21:16:59,37.54,0.259,154.57,22.1,7.95,55.4,86.73,6.83,103
969,6,2025-09-14 05:11:59,33.78,0.174,51.55,58.5,1.64,65.2,94.4,6.41,0
970,20,2025-09-20 11:08:59,43.67,0.1,85.15,51.6,3.41,63.7,82.09,5.51,103
971,9,2025-09-02 06:04:59,20.23,0.001,32.77,27.0,6.65,53.3,95.77,7.79,101
972,19,2025-09-16 01:17:59,40.69,0.177,68.26,73.8,8.88,69.2,93.55,0.58,0
973,4,2025-09-17 14:59:59,42.56,0.242,113.78,60.8,8.46,61.0,89.19,1.62,102
974,21,2025-09-18 12:28:59,40.58,0.258,179.72,76.5,5.53,45.0,93.26,5.7,0
975,10,2025-09-03 22:00:59,27.75,0.1,47.19,21.0,7.19,38.1,98.02,1.87,0
976,15,2025-08-27 07:37:59,45.11,0.429,290.79,62.8,7.31,34.5,61.75,0.61,102
977,21,2025-09-11 13:55:59,34.06,0.266,102.73,91.0,5.37,60.6,80.68,5.35,0
978,9,2025-09-11 12:27:59,26.62,0.084,15.88,80.0,7.82,32.3,97.48,2.47,0
979,19,2025-08-26 04:04:59,28.05,0.206,121.3,94.0,8.68,46.7,88.78,5.08,102
980,9,2025-09-13 20:12:59,21.35,0.038,22.05,29.0,2.0,53.4,98.23,7.56,0
981,12,2025-09-10 12:45:59,40.04,0.134,130.74,22.6,1.29,46.2,91.81,2.21,102
982,24,2025-09-16 04:34:59,39.26,0.103,101.39,99.0,3.27,60.2,94.04,2.64,101
983,14,2025-09-13 05:52:59,22.79,0.026,29.02,68.9,4.85,68.0,96.22,0.84,0
984,17,2025-09-13 08:55:59,35.92,0.269,118.58,66.1,8.91,61.6,86.62,0.99,101
985,18,2025-09-14 23:17:59,42.07,0.218,139.69,77.4,7.38,33.8,93.07,7.07,101
986,20,2025-09-12 06:35:59,37.12,0.109,143.5,96.1,7.86,41.3,93.46,3.88,0
987,13,2025-09-16 10:30:59,57.49,0.413,284.92,35.5,7.11,41.9,70.72,1.62,101
988,23,2025-09-05 02:30:59,46.02,0.378,201.93,82.7,5.05,34.5,79.71,4.91,102
989,9,2025-09-17 08:37:59,25.36,0.035,19.24,25.2,7.86,36.2,96.97,3.57,0
990,22,2025-08-30 11:29:59,36.56,0.102,150.57,93.7,9.11,66.5,83.17,5.17,0
991,13,2025-09-06 06:44:59,49.72,0.487,206.6,88.0,6.06,48.7,68.11,7.66,103
992,3,2025-09-06 04:29:59,28.83,0.187,92.43,54.9,5.48,41.4,87.04,0.92,0
993,25,2025-09-21 02:00:59,44.09,0.154,162.13,69.7,9.3,64.7,85.69,2.76,0
994,1,2025-09-05 23:44:59,20.53,0.022,30.77,20.1,2.63,62.9,92.31,7.18,0
995,5,2025-09-06 23:22:59,34.32,0.259,143.01,96.3,9.05,65.2,90.38,6.18,102
996,20,2025-09-09 20:09:59,27.6,0.154,67.56,41.9,6.47,48.2,82.95,1.21,102
997,9,2025-08-28 09:15:59,21.41,0.023,31.7,91.6,5.78,38.9,90.73,6.2,101
998,19,2025-09-08 14:59:59,33.65,0.252,142.6,32.8,3.66,65.5,82.51,3.06,0
999,17,2025-09-08 17:48:59,42.3,0.166,64.56,76.1,2.03,66.6,81.03,3.88,103
1000,22,2025-09-24 05:43:59,42.22,0.219,139.47,27.6,3.84,49.0,81.3,2.08,101
