id,equipment_id,date,daily_usage_hours,energy_consumption,cost_per_hour,safety_incidents,operator_id,shift,productivity_score,quality_score
1,1,2025-09-26,0.85,5.48,30.75,0,9,Night,93.59,83.7
2,2,2025-09-26,0.27,3.27,16.72,2,2,Night,74.88,95.52
3,3,2025-09-26,7.09,137.16,14.03,1,6,Morning,80.06,94.78
4,4,2025-09-26,7.73,152.02,36.78,1,9,Afternoon,92.68,86.74
5,5,2025-09-26,11.68,205.57,11.75,0,7,Afternoon,89.74,83.47
6,6,2025-09-26,8.67,139.28,40.53,0,5,Morning,71.53,96.85
7,7,2025-09-26,7.6,114.58,46.44,0,3,Night,79.59,99.65
8,8,2025-09-26,10.24,184.94,40.86,0,4,Afternoon,77.02,86.02
9,9,2025-09-26,1.7,16.61,44.25,0,9,Night,91.93,83.12
10,10,2025-09-26,0.62,8.31,37.67,1,5,Night,84.19,96.91
11,11,2025-09-26,11.09,244.81,41.72,1,9,Afternoon,76.03,84.34
12,12,2025-09-26,10.04,180.46,33.49,0,5,Morning,94.59,87.01
13,13,2025-09-26,0.28,5.55,39.71,1,6,Afternoon,71.72,98.23
14,14,2025-09-26,0.53,3.66,26.83,0,2,Afternoon,82.63,98.74
15,15,2025-09-26,0.52,9.58,22.35,0,5,Night,94.86,93.58
16,16,2025-09-26,0.47,7.57,13.47,0,3,Afternoon,92.35,81.42
17,17,2025-09-26,7.32,152.39,28.75,0,7,Morning,80.98,90.17
18,18,2025-09-26,10.24,246.6,30.08,0,8,Morning,72.07,93.62
19,19,2025-09-26,8.75,161.44,48.99,1,3,Afternoon,72.89,84.02
20,20,2025-09-26,11.21,220.11,17.33,0,8,Night,90.99,90.76
21,21,2025-09-26,6.15,153.39,36.33,0,6,Night,73.65,93.67
22,22,2025-09-26,9.14,202.79,47.61,0,10,Night,84.98,93.79
23,23,2025-09-26,0.55,8.16,38.49,2,3,Morning,70.28,88.83
24,24,2025-09-26,10.92,262.05,47.05,0,6,Morning,77.96,88.75
25,25,2025-09-26,12.0,193.68,12.92,0,9,Night,79.46,90.36
26,1,2025-09-25,1.8,11.15,22.28,0,7,Afternoon,75.53,86.74
27,2,2025-09-25,0.39,7.11,34.43,2,10,Afternoon,83.22,94.98
28,3,2025-09-25,6.99,156.12,11.5,0,3,Morning,93.45,81.62
29,4,2025-09-25,6.57,104.48,18.4,0,7,Night,82.26,97.19
30,5,2025-09-25,9.0,142.28,34.51,0,1,Afternoon,80.32,82.63
31,6,2025-09-25,10.95,265.46,17.65,0,2,Morning,75.67,88.62
32,7,2025-09-25,6.12,134.58,38.01,0,6,Night,80.82,89.84
33,8,2025-09-25,10.87,217.65,47.72,0,1,Morning,77.08,95.51
34,9,2025-09-25,0.48,3.6,33.63,0,10,Afternoon,91.57,93.24
35,10,2025-09-25,0.91,15.68,13.66,0,10,Afternoon,86.12,87.2
36,11,2025-09-25,9.41,229.37,44.7,0,9,Night,88.4,92.84
37,12,2025-09-25,10.46,190.89,46.05,0,3,Afternoon,88.23,81.5
38,13,2025-09-25,0.97,18.21,46.92,0,8,Morning,83.95,91.91
39,14,2025-09-25,0.2,1.3,33.75,0,4,Morning,93.29,84.33
40,15,2025-09-25,0.9,10.39,39.27,0,3,Afternoon,89.73,83.33
41,16,2025-09-25,0.11,1.63,15.91,0,2,Afternoon,86.23,86.92
42,17,2025-09-25,11.16,220.98,36.15,0,4,Morning,78.48,91.77
43,18,2025-09-25,7.21,166.33,38.17,0,8,Night,70.38,85.91
44,19,2025-09-25,6.81,169.23,33.42,0,3,Morning,72.13,91.91
45,20,2025-09-25,10.59,248.25,40.61,0,6,Morning,81.2,81.47
46,21,2025-09-25,7.04,160.16,18.27,1,5,Night,70.55,96.96
47,22,2025-09-25,9.87,168.97,42.62,0,10,Night,87.95,97.81
48,23,2025-09-25,0.91,16.75,23.89,1,7,Morning,75.66,97.07
49,24,2025-09-25,6.5,105.36,24.2,0,1,Night,72.91,91.89
50,25,2025-09-25,7.53,157.63,49.23,0,6,Night,80.47,87.55
51,1,2025-09-24,0.83,5.08,23.01,0,10,Night,78.4,98.16
52,2,2025-09-24,0.65,9.98,40.34,0,9,Afternoon,90.08,93.92
53,3,2025-09-24,9.98,189.25,38.05,0,10,Afternoon,82.04,84.44
54,4,2025-09-24,8.79,132.84,24.92,0,6,Afternoon,85.78,80.12
55,5,2025-09-24,11.66,282.34,49.97,0,1,Morning,74.59,83.8
56,6,2025-09-24,6.16,120.37,28.99,0,7,Night,93.32,94.99
57,7,2025-09-24,6.55,109.49,43.21,1,6,Afternoon,72.6,96.72
58,8,2025-09-24,6.54,116.35,15.94,0,8,Afternoon,79.89,86.36
59,9,2025-09-24,0.36,2.83,20.81,0,3,Morning,91.78,99.42
60,10,2025-09-24,0.35,3.72,23.95,2,7,Afternoon,82.26,85.45
61,11,2025-09-24,7.64,170.59,19.15,0,5,Afternoon,80.04,80.98
62,12,2025-09-24,10.75,200.2,15.94,1,10,Night,84.39,97.69
63,13,2025-09-24,0.8,9.99,14.91,0,7,Night,94.41,83.59
64,14,2025-09-24,0.84,4.74,21.46,0,7,Night,91.28,94.23
65,15,2025-09-24,0.74,9.98,41.94,0,3,Night,93.68,84.27
66,16,2025-09-24,0.0,0.01,29.53,2,10,Afternoon,70.25,83.05
67,17,2025-09-24,10.72,239.94,10.13,0,3,Afternoon,72.43,81.51
68,18,2025-09-24,8.27,160.87,29.89,0,2,Afternoon,92.78,88.37
69,19,2025-09-24,9.96,176.22,27.33,1,7,Morning,78.95,84.81
70,20,2025-09-24,10.56,181.49,18.89,0,8,Night,90.49,90.92
71,21,2025-09-24,10.83,225.13,16.94,0,10,Morning,85.92,86.15
72,22,2025-09-24,11.42,261.02,42.42,1,3,Night,73.06,86.57
73,23,2025-09-24,0.03,0.34,37.06,0,4,Night,88.87,94.28
74,24,2025-09-24,10.97,216.06,13.92,0,2,Morning,70.41,99.94
75,25,2025-09-24,11.79,291.09,29.25,0,10,Morning,74.82,93.46
76,1,2025-09-23,0.73,3.66,21.46,0,5,Morning,81.14,87.69
77,2,2025-09-23,0.75,10.05,33.77,1,7,Night,90.19,89.08
78,3,2025-09-23,7.46,178.64,20.36,1,1,Night,91.84,99.73
79,4,2025-09-23,11.31,257.85,40.48,0,4,Morning,82.03,90.77
80,5,2025-09-23,10.96,221.02,47.16,0,7,Afternoon,78.94,91.96
81,6,2025-09-23,11.65,187.31,17.9,0,10,Afternoon,81.03,87.65
82,7,2025-09-23,7.47,135.5,45.32,0,9,Morning,78.48,89.02
83,8,2025-09-23,8.71,196.28,43.31,0,6,Afternoon,92.35,98.4
84,9,2025-09-23,0.11,0.87,48.71,0,10,Morning,71.83,86.18
85,10,2025-09-23,0.71,10.82,10.91,2,7,Night,78.12,99.71
86,11,2025-09-23,6.19,105.88,38.92,0,4,Afternoon,89.85,91.29
87,12,2025-09-23,8.65,197.58,24.3,0,6,Afternoon,85.86,81.89
88,13,2025-09-23,0.79,13.38,29.48,0,6,Night,83.79,87.51
89,14,2025-09-23,0.15,1.4,32.85,0,7,Afternoon,73.04,82.91
90,15,2025-09-23,0.32,4.37,35.1,0,9,Night,78.71,87.68
91,16,2025-09-23,0.18,1.98,44.68,0,10,Night,74.97,91.85
92,17,2025-09-23,11.94,290.97,36.74,0,4,Night,73.43,86.16
93,18,2025-09-23,9.5,155.71,22.26,0,1,Morning,89.26,99.64
94,19,2025-09-23,9.99,223.55,38.37,0,3,Afternoon,77.85,97.53
95,20,2025-09-23,7.23,145.67,38.61,0,4,Afternoon,90.35,95.76
96,21,2025-09-23,9.1,142.47,32.01,0,8,Night,75.93,85.52
97,22,2025-09-23,11.81,248.75,15.58,0,7,Night,92.29,99.8
98,23,2025-09-23,0.91,12.65,26.82,0,8,Afternoon,83.8,88.66
99,24,2025-09-23,6.98,154.64,27.62,0,1,Afternoon,74.94,89.74
100,25,2025-09-23,11.96,225.51,29.26,1,4,Afternoon,70.03,92.72
101,1,2025-09-22,1.63,10.82,22.05,0,6,Afternoon,75.52,84.52
102,2,2025-09-22,0.35,5.86,46.78,0,8,Morning,94.55,93.4
103,3,2025-09-22,11.94,276.07,44.49,0,7,Morning,72.13,84.59
104,4,2025-09-22,6.16,121.93,14.18,0,9,Morning,75.21,81.76
105,5,2025-09-22,8.0,131.23,45.3,0,3,Morning,73.56,95.31
106,6,2025-09-22,8.76,147.76,37.78,0,2,Morning,75.15,82.62
107,7,2025-09-22,10.67,208.7,48.05,0,6,Night,92.96,84.59
108,8,2025-09-22,6.31,146.16,44.62,0,10,Morning,73.18,93.52
109,9,2025-09-22,1.49,11.95,36.37,0,2,Afternoon,89.8,81.66
110,10,2025-09-22,0.44,5.87,19.78,1,1,Afternoon,81.3,98.05
111,11,2025-09-22,7.99,132.06,41.9,0,2,Morning,90.26,89.33
112,12,2025-09-22,9.68,162.75,17.34,0,5,Morning,88.14,93.9
113,13,2025-09-22,0.57,7.83,23.78,2,2,Morning,74.8,94.09
114,14,2025-09-22,0.9,7.59,36.23,0,7,Afternoon,76.56,89.96
115,15,2025-09-22,0.47,7.08,35.12,2,4,Night,92.1,89.61
116,16,2025-09-22,0.93,17.22,23.55,0,2,Morning,75.53,92.75
117,17,2025-09-22,6.32,149.63,46.69,0,1,Night,91.92,82.59
118,18,2025-09-22,6.86,106.94,45.52,0,9,Afternoon,72.68,92.5
119,19,2025-09-22,6.46,139.98,31.75,0,1,Night,94.27,92.87
120,20,2025-09-22,9.21,142.67,24.68,0,5,Morning,89.27,88.48
121,21,2025-09-22,10.53,215.97,35.34,0,2,Morning,70.17,95.02
122,22,2025-09-22,9.61,168.59,37.19,0,10,Morning,73.32,85.52
123,23,2025-09-22,0.88,15.65,12.01,0,3,Morning,76.38,92.34
124,24,2025-09-22,6.42,107.92,40.75,0,1,Morning,75.92,91.15
125,25,2025-09-22,7.45,152.97,26.31,0,2,Morning,80.3,88.52
126,1,2025-09-21,1.48,14.4,37.88,0,8,Afternoon,82.12,92.33
127,2,2025-09-21,0.32,3.26,21.2,1,9,Morning,91.17,98.61
128,3,2025-09-21,11.23,220.1,29.63,1,6,Night,87.93,95.62
129,4,2025-09-21,7.77,192.73,45.67,0,4,Morning,94.91,85.83
130,5,2025-09-21,11.29,270.0,22.62,0,8,Morning,78.56,82.0
131,6,2025-09-21,7.18,135.07,23.48,0,3,Night,82.9,98.48
132,7,2025-09-21,6.73,145.84,12.24,0,2,Morning,87.88,80.57
133,8,2025-09-21,7.95,140.6,35.81,0,9,Morning,90.79,84.86
134,9,2025-09-21,0.93,5.5,44.93,0,9,Afternoon,72.1,95.49
135,10,2025-09-21,0.13,2.29,14.55,2,1,Morning,94.11,89.19
136,11,2025-09-21,9.29,229.29,32.02,1,3,Morning,75.06,86.22
137,12,2025-09-21,7.05,136.32,11.73,0,2,Morning,93.57,97.62
138,13,2025-09-21,0.56,10.55,48.11,0,10,Afternoon,86.87,90.04
139,14,2025-09-21,1.99,11.94,26.61,0,9,Night,83.86,93.72
140,15,2025-09-21,0.84,15.05,49.09,0,7,Morning,79.9,93.47
141,16,2025-09-21,0.41,7.02,27.6,0,10,Afternoon,94.87,89.85
142,17,2025-09-21,6.81,104.24,12.37,0,8,Afternoon,70.8,91.67
143,18,2025-09-21,9.84,205.29,19.87,0,5,Night,75.06,85.63
144,19,2025-09-21,9.97,189.82,44.04,0,4,Afternoon,87.65,93.85
145,20,2025-09-21,11.03,271.84,15.21,1,8,Night,91.9,96.9
146,21,2025-09-21,7.82,182.45,15.23,0,9,Afternoon,79.34,99.91
147,22,2025-09-21,6.22,146.08,37.41,0,7,Afternoon,92.54,94.55
148,23,2025-09-21,0.0,0.04,17.56,1,6,Night,73.44,92.83
149,24,2025-09-21,9.19,214.4,28.87,0,3,Morning,78.03,86.06
150,25,2025-09-21,7.5,170.24,32.07,1,1,Morning,72.59,95.29
151,1,2025-09-20,0.74,3.95,23.18,0,2,Night,79.33,88.79
152,2,2025-09-20,0.83,13.47,42.37,0,9,Night,94.82,91.65
153,3,2025-09-20,10.52,205.11,44.75,0,2,Afternoon,84.43,87.01
154,4,2025-09-20,6.91,157.3,29.07,0,9,Night,92.04,91.15
155,5,2025-09-20,7.38,166.33,27.44,0,2,Afternoon,71.61,87.42
156,6,2025-09-20,8.5,185.7,36.84,0,4,Afternoon,90.63,87.16
157,7,2025-09-20,9.01,141.53,19.54,0,7,Morning,72.39,90.93
158,8,2025-09-20,10.35,213.94,20.9,0,8,Night,77.61,92.47
159,9,2025-09-20,1.09,9.53,23.44,0,1,Afternoon,94.52,90.31
160,10,2025-09-20,0.36,4.49,42.84,0,7,Morning,89.92,94.77
161,11,2025-09-20,8.57,152.63,43.14,0,3,Night,88.06,81.11
162,12,2025-09-20,6.07,141.96,41.06,0,10,Afternoon,89.53,89.6
163,13,2025-09-20,0.81,13.97,26.47,2,6,Night,75.36,81.1
164,14,2025-09-20,0.71,6.23,29.9,0,7,Morning,87.22,87.32
165,15,2025-09-20,0.2,3.66,10.64,1,4,Night,76.37,85.36
166,16,2025-09-20,0.31,3.66,37.93,1,2,Morning,81.06,91.6
167,17,2025-09-20,10.0,246.26,42.98,0,9,Night,70.6,90.61
168,18,2025-09-20,7.29,152.45,24.81,0,3,Afternoon,77.75,85.64
169,19,2025-09-20,11.21,243.86,16.04,0,5,Afternoon,85.28,92.15
170,20,2025-09-20,10.85,210.48,47.03,1,8,Afternoon,89.23,99.69
171,21,2025-09-20,6.7,166.67,47.56,0,10,Morning,80.69,92.57
172,22,2025-09-20,9.34,217.71,13.52,0,4,Night,94.39,95.99
173,23,2025-09-20,0.61,9.92,25.12,2,7,Night,84.12,80.58
174,24,2025-09-20,9.03,212.73,48.81,1,2,Night,73.78,95.33
175,25,2025-09-20,11.21,175.14,32.39,0,4,Morning,72.46,96.62
176,1,2025-09-19,0.77,6.68,18.27,0,4,Night,93.96,82.43
177,2,2025-09-19,0.61,10.24,12.29,1,5,Night,84.85,84.55
178,3,2025-09-19,6.27,115.68,47.8,1,5,Night,81.91,94.32
179,4,2025-09-19,7.99,131.69,11.35,0,3,Afternoon,79.66,94.88
180,5,2025-09-19,10.7,259.75,43.84,0,7,Night,76.89,94.42
181,6,2025-09-19,6.94,138.37,29.56,1,4,Morning,90.87,96.7
182,7,2025-09-19,8.61,196.94,25.04,0,6,Afternoon,94.86,99.61
183,8,2025-09-19,9.3,157.74,25.62,1,6,Night,75.73,91.12
184,9,2025-09-19,1.42,9.6,10.76,0,3,Morning,70.11,94.15
185,10,2025-09-19,0.68,13.07,34.81,2,4,Afternoon,80.13,86.75
186,11,2025-09-19,7.93,169.48,44.45,0,10,Night,89.38,85.96
187,12,2025-09-19,10.14,190.73,20.37,0,3,Night,75.38,96.62
188,13,2025-09-19,0.19,3.5,34.3,0,8,Morning,80.6,81.64
189,14,2025-09-19,0.69,4.55,12.74,0,10,Afternoon,93.57,91.96
190,15,2025-09-19,0.65,10.34,10.41,2,8,Night,76.12,94.69
191,16,2025-09-19,0.08,1.35,11.1,1,6,Afternoon,75.18,99.5
192,17,2025-09-19,10.03,171.34,15.32,1,1,Morning,83.82,84.73
193,18,2025-09-19,11.16,266.88,48.12,0,5,Afternoon,76.13,83.56
194,19,2025-09-19,7.64,170.24,16.61,0,5,Morning,92.51,89.06
195,20,2025-09-19,9.82,227.71,36.73,0,6,Afternoon,71.4,85.29
196,21,2025-09-19,6.05,98.18,46.66,1,7,Night,73.3,88.33
197,22,2025-09-19,9.45,231.26,20.03,1,1,Morning,84.78,92.47
198,23,2025-09-19,0.46,8.43,11.27,0,6,Night,92.08,88.2
199,24,2025-09-19,7.95,169.19,11.26,0,2,Night,81.46,81.47
200,25,2025-09-19,6.33,149.05,34.05,0,4,Morning,77.8,85.53
201,1,2025-09-18,0.03,0.31,23.31,0,7,Morning,90.78,85.11
202,2,2025-09-18,0.93,11.99,31.56,0,5,Morning,86.07,86.01
203,3,2025-09-18,8.37,202.68,22.9,0,1,Night,85.92,87.87
204,4,2025-09-18,6.69,155.21,30.23,0,9,Night,70.99,98.6
205,5,2025-09-18,11.5,284.88,42.49,0,7,Night,71.21,95.58
206,6,2025-09-18,11.06,270.42,27.29,0,7,Night,72.32,98.4
207,7,2025-09-18,8.63,196.06,46.68,0,6,Night,79.35,98.4
208,8,2025-09-18,10.98,245.2,11.14,0,10,Morning,85.17,87.51
209,9,2025-09-18,0.18,1.46,10.61,0,2,Morning,75.72,93.94
210,10,2025-09-18,0.13,2.07,43.83,0,10,Morning,84.18,89.68
211,11,2025-09-18,11.98,262.43,42.34,0,4,Afternoon,87.89,98.59
212,12,2025-09-18,8.59,139.09,17.62,0,4,Night,76.96,88.65
213,13,2025-09-18,0.8,10.34,41.77,0,10,Night,71.9,98.42
214,14,2025-09-18,1.45,12.79,49.32,0,3,Morning,81.36,83.68
215,15,2025-09-18,0.06,1.04,43.02,1,2,Night,83.52,92.33
216,16,2025-09-18,0.83,11.03,13.49,0,7,Night,78.57,89.5
217,17,2025-09-18,8.94,220.85,28.82,1,6,Morning,79.67,84.85
218,18,2025-09-18,9.05,157.83,29.44,0,1,Night,80.36,85.41
219,19,2025-09-18,10.63,247.2,25.21,0,5,Afternoon,79.53,86.08
220,20,2025-09-18,9.73,161.29,12.98,0,7,Afternoon,85.34,91.27
221,21,2025-09-18,10.71,161.18,29.89,0,9,Morning,91.93,85.41
222,22,2025-09-18,11.09,219.48,17.87,0,9,Night,72.16,87.91
223,23,2025-09-18,0.62,9.49,16.38,0,10,Night,93.58,82.0
224,24,2025-09-18,7.12,125.73,15.98,0,9,Night,93.76,82.71
225,25,2025-09-18,8.61,179.3,19.08,0,3,Night,85.27,82.21
226,1,2025-09-17,0.34,2.79,21.33,0,9,Morning,90.23,97.62
227,2,2025-09-17,0.08,1.52,16.53,1,4,Night,76.62,87.31
228,3,2025-09-17,11.92,261.1,19.69,0,4,Morning,80.5,81.04
229,4,2025-09-17,7.77,185.31,41.09,0,9,Morning,82.17,99.67
230,5,2025-09-17,7.96,124.04,23.04,1,7,Afternoon,84.74,88.32
231,6,2025-09-17,7.8,123.31,18.65,0,10,Morning,90.37,82.94
232,7,2025-09-17,6.62,148.9,41.74,1,5,Night,84.42,96.69
233,8,2025-09-17,11.94,248.6,44.01,1,7,Night,80.19,97.51
234,9,2025-09-17,1.75,10.71,28.51,0,8,Afternoon,90.02,85.27
235,10,2025-09-17,0.46,9.05,35.39,0,2,Afternoon,92.58,94.27
236,11,2025-09-17,11.88,182.91,26.91,0,4,Morning,83.68,97.08
237,12,2025-09-17,6.12,126.81,10.4,0,10,Night,86.46,85.06
238,13,2025-09-17,0.1,1.6,44.41,2,4,Night,91.6,95.57
239,14,2025-09-17,0.69,4.68,18.36,0,8,Morning,70.91,86.89
240,15,2025-09-17,0.22,3.88,23.36,0,4,Night,80.58,96.17
241,16,2025-09-17,0.07,0.86,26.62,0,4,Afternoon,72.4,81.46
242,17,2025-09-17,9.78,224.68,49.11,0,9,Afternoon,88.24,97.24
243,18,2025-09-17,7.01,135.54,22.34,0,3,Afternoon,70.08,82.75
244,19,2025-09-17,8.51,206.37,40.3,0,3,Night,77.91,94.0
245,20,2025-09-17,9.67,148.62,35.47,1,5,Afternoon,80.88,97.1
246,21,2025-09-17,6.47,130.15,41.48,0,7,Morning,70.4,97.42
247,22,2025-09-17,8.43,207.35,42.6,0,1,Morning,75.58,97.23
248,23,2025-09-17,0.13,2.38,24.45,1,6,Afternoon,80.84,86.81
249,24,2025-09-17,8.12,169.54,43.23,0,9,Afternoon,92.43,92.87
250,25,2025-09-17,10.56,163.65,27.12,0,5,Morning,94.1,91.38
251,1,2025-09-16,1.39,11.23,43.01,0,4,Night,70.86,99.74
252,2,2025-09-16,0.25,2.97,49.12,0,3,Night,71.26,86.62
253,3,2025-09-16,9.58,209.67,32.9,0,3,Afternoon,88.04,87.77
254,4,2025-09-16,7.7,144.61,33.99,0,3,Afternoon,78.43,81.66
255,5,2025-09-16,10.57,161.98,37.77,1,3,Afternoon,78.33,88.4
256,6,2025-09-16,11.14,213.28,23.7,1,1,Afternoon,71.83,91.11
257,7,2025-09-16,9.98,248.03,44.39,0,2,Night,70.7,97.65
258,8,2025-09-16,7.62,149.41,10.86,0,5,Morning,78.83,90.53
259,9,2025-09-16,1.92,14.48,10.78,0,3,Afternoon,84.8,99.93
260,10,2025-09-16,0.71,7.83,23.4,1,7,Afternoon,84.39,85.2
261,11,2025-09-16,7.67,174.69,21.15,1,4,Afternoon,82.9,96.29
262,12,2025-09-16,8.58,151.52,40.28,0,7,Night,94.83,84.54
263,13,2025-09-16,0.37,4.27,35.82,2,3,Night,89.18,96.82
264,14,2025-09-16,1.41,9.6,45.11,0,6,Afternoon,74.53,83.02
265,15,2025-09-16,0.52,9.81,38.01,0,5,Morning,78.95,98.85
266,16,2025-09-16,0.48,6.32,15.59,0,5,Morning,94.23,84.26
267,17,2025-09-16,9.22,159.58,40.65,0,5,Afternoon,81.06,94.15
268,18,2025-09-16,6.2,149.85,38.57,0,4,Night,72.78,92.12
269,19,2025-09-16,7.95,196.11,15.68,1,8,Afternoon,85.89,98.58
270,20,2025-09-16,10.25,240.02,22.09,0,4,Morning,81.96,85.0
271,21,2025-09-16,6.59,118.5,14.95,0,2,Morning,74.0,87.33
272,22,2025-09-16,10.11,246.17,47.25,0,6,Afternoon,83.9,99.39
273,23,2025-09-16,0.92,11.54,21.62,0,8,Afternoon,86.21,97.24
274,24,2025-09-16,8.31,178.74,30.58,0,2,Afternoon,89.0,80.7
275,25,2025-09-16,9.68,146.86,37.35,1,10,Night,87.07,98.53
276,1,2025-09-15,0.11,0.65,32.72,0,7,Afternoon,93.04,83.07
277,2,2025-09-15,0.01,0.11,18.72,2,5,Morning,78.8,85.13
278,3,2025-09-15,9.97,214.81,38.23,1,7,Afternoon,85.01,81.54
279,4,2025-09-15,10.43,186.83,32.7,0,2,Night,80.77,86.94
280,5,2025-09-15,6.24,140.87,47.04,0,4,Morning,81.03,81.74
281,6,2025-09-15,8.12,158.79,30.61,0,6,Morning,77.76,80.34
282,7,2025-09-15,10.06,163.04,20.26,0,2,Afternoon,87.73,99.0
283,8,2025-09-15,7.65,159.55,42.56,0,3,Afternoon,80.49,87.86
284,9,2025-09-15,1.07,10.68,16.06,0,7,Morning,71.05,81.45
285,10,2025-09-15,0.68,8.54,34.64,0,4,Afternoon,82.34,98.66
286,11,2025-09-15,9.3,177.59,14.65,0,10,Morning,72.58,84.58
287,12,2025-09-15,11.33,184.27,48.6,0,2,Morning,75.68,84.59
288,13,2025-09-15,0.51,6.25,13.44,0,2,Night,71.83,96.31
289,14,2025-09-15,0.46,4.21,21.65,0,3,Afternoon,93.06,80.84
290,15,2025-09-15,0.65,8.49,44.95,1,9,Afternoon,71.0,89.54
291,16,2025-09-15,0.25,2.7,16.78,0,2,Morning,87.68,99.12
292,17,2025-09-15,6.21,101.52,28.85,1,1,Morning,85.91,94.06
293,18,2025-09-15,11.42,269.18,25.1,0,7,Afternoon,73.41,94.63
294,19,2025-09-15,9.49,160.89,19.36,1,5,Night,89.37,90.73
295,20,2025-09-15,10.26,214.43,18.67,0,2,Morning,81.11,94.24
296,21,2025-09-15,7.32,169.93,47.14,0,9,Night,77.14,88.72
297,22,2025-09-15,9.82,240.69,48.97,0,5,Morning,87.45,90.86
298,23,2025-09-15,0.67,12.87,27.72,1,2,Night,90.29,80.29
299,24,2025-09-15,7.72,181.49,43.14,0,10,Afternoon,81.09,80.24
300,25,2025-09-15,8.59,200.57,45.55,0,4,Morning,79.62,82.19
301,1,2025-09-14,1.07,7.18,22.03,0,3,Morning,94.64,92.46
302,2,2025-09-14,0.44,8.32,49.95,0,1,Night,78.37,86.66
303,3,2025-09-14,6.18,95.68,12.46,0,3,Morning,85.33,86.24
304,4,2025-09-14,6.93,139.12,44.15,0,1,Morning,74.98,95.94
305,5,2025-09-14,8.82,170.44,20.51,0,2,Night,75.82,88.42
306,6,2025-09-14,11.11,249.66,29.47,0,6,Morning,91.92,82.83
307,7,2025-09-14,10.47,202.89,48.07,0,3,Night,77.45,95.29
308,8,2025-09-14,7.93,126.5,38.57,0,6,Night,79.56,92.26
309,9,2025-09-14,1.09,6.58,30.49,0,8,Afternoon,81.47,93.8
310,10,2025-09-14,0.08,0.95,41.38,0,10,Morning,73.84,88.31
311,11,2025-09-14,7.6,157.64,39.71,0,8,Afternoon,92.38,99.74
312,12,2025-09-14,10.06,156.07,23.67,0,6,Night,75.11,87.7
313,13,2025-09-14,0.92,15.44,34.74,2,7,Night,76.34,90.38
314,14,2025-09-14,0.22,2.07,27.99,0,3,Afternoon,90.99,83.84
315,15,2025-09-14,0.84,11.7,46.3,1,3,Night,78.65,96.38
316,16,2025-09-14,0.47,8.41,26.65,0,5,Night,79.36,91.72
317,17,2025-09-14,9.08,143.58,24.93,0,7,Morning,87.54,85.0
318,18,2025-09-14,7.77,182.98,14.44,0,1,Night,81.92,94.53
319,19,2025-09-14,6.46,137.73,22.37,0,9,Morning,89.28,87.24
320,20,2025-09-14,11.12,194.03,19.62,1,4,Afternoon,94.3,91.3
321,21,2025-09-14,11.65,219.94,35.54,0,6,Morning,82.05,85.13
322,22,2025-09-14,7.87,149.44,46.0,1,5,Morning,70.47,88.61
323,23,2025-09-14,0.96,17.57,28.94,0,9,Morning,77.69,81.79
324,24,2025-09-14,8.94,200.42,45.74,0,5,Morning,91.25,90.69
325,25,2025-09-14,11.85,274.61,18.86,1,7,Morning,91.94,86.95
326,1,2025-09-13,1.52,13.52,28.72,0,8,Morning,72.48,92.44
327,2,2025-09-13,1.0,15.43,24.29,0,4,Morning,92.71,86.46
328,3,2025-09-13,10.51,218.84,20.75,0,8,Afternoon,71.57,82.68
329,4,2025-09-13,10.02,191.36,11.85,0,3,Afternoon,71.55,88.59
330,5,2025-09-13,8.57,190.21,23.27,1,5,Night,77.64,88.86
331,6,2025-09-13,9.0,174.18,23.95,0,5,Morning,77.55,87.94
332,7,2025-09-13,7.2,179.26,18.91,1,3,Night,78.92,86.15
333,8,2025-09-13,7.25,136.49,42.47,0,4,Afternoon,72.07,94.16
334,9,2025-09-13,0.9,8.63,11.8,0,5,Night,90.17,86.12
335,10,2025-09-13,0.44,6.19,38.99,0,9,Afternoon,75.7,91.09
336,11,2025-09-13,8.48,154.17,18.25,0,8,Morning,88.66,90.27
337,12,2025-09-13,10.22,217.34,47.43,0,3,Afternoon,81.92,94.27
338,13,2025-09-13,0.46,7.64,14.21,1,4,Night,87.41,96.67
339,14,2025-09-13,0.93,5.03,45.37,0,2,Night,72.52,98.32
340,15,2025-09-13,0.1,1.28,30.68,2,4,Afternoon,73.3,89.12
341,16,2025-09-13,0.9,11.12,46.98,1,5,Morning,79.28,84.25
342,17,2025-09-13,6.49,112.59,29.5,0,9,Afternoon,78.48,94.66
343,18,2025-09-13,8.06,142.88,12.5,1,7,Night,91.01,82.08
344,19,2025-09-13,10.53,212.26,15.04,0,6,Morning,73.35,84.91
345,20,2025-09-13,11.68,277.31,43.74,0,6,Afternoon,71.35,96.51
346,21,2025-09-13,9.56,197.48,10.54,0,2,Morning,85.86,89.17
347,22,2025-09-13,9.83,221.74,16.8,0,2,Morning,75.96,81.72
348,23,2025-09-13,0.57,6.84,37.86,0,4,Afternoon,80.73,88.88
349,24,2025-09-13,11.85,238.96,15.72,0,3,Morning,71.02,80.87
350,25,2025-09-13,9.16,198.76,17.63,0,7,Night,72.68,84.67
351,1,2025-09-12,1.39,12.44,39.28,0,4,Night,84.87,81.32
352,2,2025-09-12,0.3,5.68,35.04,1,2,Afternoon,90.74,99.36
353,3,2025-09-12,9.05,177.41,15.89,1,7,Night,88.87,91.59
354,4,2025-09-12,6.16,121.59,39.88,0,1,Morning,86.65,92.37
355,5,2025-09-12,10.45,192.91,34.01,0,2,Afternoon,76.85,90.87
356,6,2025-09-12,6.23,141.76,12.93,0,4,Night,74.13,80.47
357,7,2025-09-12,10.38,228.84,32.43,0,5,Morning,81.71,91.69
358,8,2025-09-12,7.4,133.5,40.61,0,2,Morning,71.42,89.63
359,9,2025-09-12,1.0,7.1,27.24,0,6,Night,83.06,94.81
360,10,2025-09-12,0.24,3.59,20.25,2,1,Afternoon,87.65,92.72
361,11,2025-09-12,8.05,194.04,31.3,0,1,Night,90.49,82.61
362,12,2025-09-12,7.91,145.9,14.17,0,2,Night,81.49,96.92
363,13,2025-09-12,0.22,3.05,15.93,0,1,Afternoon,78.43,85.84
364,14,2025-09-12,1.1,10.83,40.74,0,6,Afternoon,74.18,86.39
365,15,2025-09-12,0.02,0.29,21.03,0,8,Morning,82.33,92.89
366,16,2025-09-12,0.15,1.49,29.27,1,9,Afternoon,82.55,93.55
367,17,2025-09-12,6.85,164.38,40.96,0,3,Morning,82.15,99.01
368,18,2025-09-12,10.6,201.75,39.3,0,3,Night,89.69,81.61
369,19,2025-09-12,8.85,212.04,38.5,0,8,Afternoon,88.06,89.97
370,20,2025-09-12,9.48,171.77,19.62,0,5,Morning,76.73,97.11
371,21,2025-09-12,8.54,150.52,10.59,0,1,Afternoon,82.14,92.26
372,22,2025-09-12,8.59,131.78,42.67,0,9,Afternoon,89.03,86.79
373,23,2025-09-12,0.14,2.62,36.07,0,2,Afternoon,92.02,90.56
374,24,2025-09-12,9.94,198.53,12.08,0,9,Afternoon,78.07,98.3
375,25,2025-09-12,11.11,271.32,34.31,0,10,Afternoon,72.23,89.21
376,1,2025-09-11,0.58,2.96,17.01,0,1,Morning,85.73,84.72
377,2,2025-09-11,0.05,0.82,32.94,1,5,Morning,94.21,95.08
378,3,2025-09-11,11.6,269.75,23.06,0,5,Night,70.09,81.18
379,4,2025-09-11,7.23,174.53,36.69,0,1,Morning,93.54,94.25
380,5,2025-09-11,6.62,146.78,37.69,0,5,Night,94.23,97.55
381,6,2025-09-11,9.54,145.22,38.41,1,2,Night,70.05,86.4
382,7,2025-09-11,10.83,172.7,24.76,0,7,Morning,73.07,93.54
383,8,2025-09-11,10.63,193.43,48.4,0,7,Afternoon,77.96,91.15
384,9,2025-09-11,0.41,3.52,15.62,0,4,Night,91.38,86.2
385,10,2025-09-11,0.33,4.72,20.92,0,4,Afternoon,85.56,99.91
386,11,2025-09-11,9.53,203.95,38.02,0,1,Morning,85.78,84.1
387,12,2025-09-11,8.56,186.36,42.64,0,7,Night,75.38,95.2
388,13,2025-09-11,0.01,0.18,29.01,1,6,Morning,78.31,82.68
389,14,2025-09-11,1.5,13.06,42.9,0,3,Morning,77.22,95.0
390,15,2025-09-11,0.57,10.21,23.24,1,10,Morning,92.01,84.77
391,16,2025-09-11,0.15,2.43,30.66,0,3,Afternoon,80.39,94.72
392,17,2025-09-11,7.83,156.02,21.46,0,2,Afternoon,83.65,98.65
393,18,2025-09-11,10.06,238.65,31.98,0,2,Night,70.7,92.91
394,19,2025-09-11,9.26,205.28,34.08,0,2,Afternoon,89.35,97.46
395,20,2025-09-11,8.39,185.65,38.98,0,3,Night,72.77,95.99
396,21,2025-09-11,9.83,149.69,10.62,0,8,Afternoon,72.56,89.39
397,22,2025-09-11,11.75,233.87,30.04,0,1,Morning,71.82,86.0
398,23,2025-09-11,0.16,2.07,12.92,2,2,Night,86.46,94.64
399,24,2025-09-11,9.0,200.62,36.94,0,5,Night,81.5,84.98
400,25,2025-09-11,11.22,192.34,22.26,1,6,Afternoon,86.74,87.16
401,1,2025-09-10,1.53,12.71,29.74,0,10,Morning,77.69,93.79
402,2,2025-09-10,0.87,12.81,41.95,2,8,Afternoon,92.73,84.35
403,3,2025-09-10,7.57,138.64,12.34,0,5,Afternoon,86.27,90.89
404,4,2025-09-10,10.06,167.27,30.1,0,1,Afternoon,70.4,82.86
405,5,2025-09-10,7.94,167.67,25.0,0,10,Morning,73.51,94.87
406,6,2025-09-10,10.23,193.51,48.55,0,7,Afternoon,73.71,95.52
407,7,2025-09-10,9.38,160.56,38.99,0,7,Night,81.39,85.8
408,8,2025-09-10,6.75,163.63,20.47,0,4,Night,76.02,94.07
409,9,2025-09-10,0.64,5.48,19.51,0,9,Afternoon,86.79,96.84
410,10,2025-09-10,0.66,11.8,41.75,2,7,Night,80.26,93.68
411,11,2025-09-10,11.14,235.62,19.71,0,7,Afternoon,79.23,83.35
412,12,2025-09-10,9.86,212.83,12.37,1,7,Morning,87.18,87.05
413,13,2025-09-10,0.36,6.95,32.36,0,6,Morning,90.06,84.0
414,14,2025-09-10,0.59,4.08,24.07,0,8,Night,91.06,83.2
415,15,2025-09-10,0.12,1.29,24.68,1,7,Morning,91.82,83.71
416,16,2025-09-10,0.53,8.98,17.69,2,4,Afternoon,72.16,80.6
417,17,2025-09-10,8.02,168.28,10.61,0,4,Afternoon,78.07,83.97
418,18,2025-09-10,7.05,114.79,48.15,0,5,Afternoon,77.95,89.31
419,19,2025-09-10,6.31,145.45,19.32,0,10,Night,91.54,81.57
420,20,2025-09-10,9.28,161.12,35.25,0,1,Morning,89.26,89.56
421,21,2025-09-10,8.46,201.83,49.54,0,4,Morning,76.48,98.89
422,22,2025-09-10,11.66,253.44,20.86,0,2,Night,79.48,85.75
423,23,2025-09-10,0.71,12.1,34.57,1,2,Afternoon,93.4,92.91
424,24,2025-09-10,6.08,111.15,34.83,0,9,Afternoon,79.38,93.69
425,25,2025-09-10,10.0,193.06,22.78,0,4,Afternoon,88.01,95.86
426,1,2025-09-09,1.95,19.16,13.12,0,3,Afternoon,92.23,92.9
427,2,2025-09-09,0.72,13.55,11.77,2,5,Afternoon,88.89,81.48
428,3,2025-09-09,8.08,177.97,12.12,0,8,Night,84.12,81.28
429,4,2025-09-09,8.22,171.18,16.83,0,4,Afternoon,71.7,81.18
430,5,2025-09-09,9.92,239.88,13.19,0,5,Morning,73.62,87.28
431,6,2025-09-09,6.23,126.89,16.04,0,8,Morning,84.52,94.27
432,7,2025-09-09,8.63,173.18,32.16,0,1,Afternoon,91.8,98.94
433,8,2025-09-09,6.89,134.03,14.68,0,9,Night,77.61,83.82
434,9,2025-09-09,0.67,4.69,31.93,0,8,Night,76.71,84.56
435,10,2025-09-09,0.89,11.51,30.0,1,4,Night,92.43,81.48
436,11,2025-09-09,6.16,93.78,12.24,0,6,Morning,80.01,87.94
437,12,2025-09-09,10.21,208.43,35.73,1,1,Night,80.04,83.6
438,13,2025-09-09,0.96,12.9,40.34,0,10,Night,86.84,85.27
439,14,2025-09-09,0.41,3.18,32.15,0,1,Morning,83.91,85.22
440,15,2025-09-09,0.75,10.43,41.96,1,3,Morning,86.19,97.36
441,16,2025-09-09,0.51,9.39,24.2,0,4,Night,75.5,92.55
442,17,2025-09-09,7.76,133.56,21.54,1,4,Morning,88.46,82.53
443,18,2025-09-09,9.47,151.62,32.05,0,4,Afternoon,85.01,91.2
444,19,2025-09-09,11.88,251.39,11.76,0,8,Afternoon,85.36,89.81
445,20,2025-09-09,7.85,152.31,43.24,1,9,Morning,82.72,99.12
446,21,2025-09-09,9.17,213.82,16.35,0,4,Afternoon,76.82,92.25
447,22,2025-09-09,9.6,235.96,12.25,0,7,Night,74.69,97.22
448,23,2025-09-09,0.03,0.54,48.21,0,7,Afternoon,77.3,81.43
449,24,2025-09-09,7.89,134.57,45.98,0,2,Night,92.16,98.38
450,25,2025-09-09,7.58,174.31,33.04,0,7,Afternoon,71.83,94.34
451,1,2025-09-08,1.57,12.4,20.63,0,7,Afternoon,90.11,94.0
452,2,2025-09-08,0.42,6.48,39.56,0,2,Night,81.28,83.17
453,3,2025-09-08,8.48,153.11,33.09,0,1,Night,87.9,87.64
454,4,2025-09-08,10.66,188.29,28.96,1,4,Afternoon,86.25,84.23
455,5,2025-09-08,11.39,186.89,17.29,0,8,Night,88.86,88.62
456,6,2025-09-08,11.8,215.05,21.8,1,2,Afternoon,85.87,95.57
457,7,2025-09-08,6.74,129.44,25.18,0,1,Morning,75.29,87.94
458,8,2025-09-08,7.61,133.34,46.12,0,6,Morning,88.84,82.71
459,9,2025-09-08,0.53,3.69,11.29,0,7,Morning,94.18,92.0
460,10,2025-09-08,0.6,7.47,40.14,0,10,Afternoon,87.37,97.01
461,11,2025-09-08,7.11,111.33,29.13,1,10,Night,92.4,98.38
462,12,2025-09-08,11.23,280.45,45.35,1,10,Afternoon,90.87,99.68
463,13,2025-09-08,0.17,3.29,37.0,1,6,Night,91.15,82.84
464,14,2025-09-08,0.11,1.01,26.2,0,1,Night,78.53,97.36
465,15,2025-09-08,0.09,1.64,39.26,0,10,Night,92.01,91.94
466,16,2025-09-08,0.68,11.45,12.03,1,5,Night,73.87,87.15
467,17,2025-09-08,10.18,167.04,31.78,0,5,Afternoon,84.21,81.61
468,18,2025-09-08,10.52,207.62,31.16,0,8,Night,70.21,86.36
469,19,2025-09-08,10.4,172.42,37.31,0,7,Night,92.9,85.81
470,20,2025-09-08,9.3,203.77,22.68,0,1,Afternoon,83.37,91.41
471,21,2025-09-08,8.42,201.11,17.16,1,1,Morning,90.66,87.95
472,22,2025-09-08,10.46,190.65,31.36,0,8,Afternoon,70.83,85.42
473,23,2025-09-08,0.1,1.54,23.55,0,9,Morning,78.84,97.15
474,24,2025-09-08,11.18,190.67,35.41,0,4,Night,87.0,84.1
475,25,2025-09-08,6.77,116.22,14.6,0,6,Night,77.47,83.34
476,1,2025-09-07,0.81,6.68,29.16,0,8,Night,87.5,91.72
477,2,2025-09-07,0.4,4.19,37.86,2,5,Night,84.28,81.98
478,3,2025-09-07,6.47,99.67,31.6,0,3,Afternoon,79.23,97.9
479,4,2025-09-07,9.85,230.73,26.76,0,3,Morning,78.9,99.63
480,5,2025-09-07,11.53,178.69,12.62,0,5,Afternoon,84.07,82.23
481,6,2025-09-07,9.89,217.06,13.54,0,1,Afternoon,77.97,81.53
482,7,2025-09-07,7.75,146.35,29.8,1,4,Night,90.8,93.32
483,8,2025-09-07,6.96,139.35,36.1,0,4,Morning,83.43,89.21
484,9,2025-09-07,1.84,15.29,36.15,0,2,Morning,75.93,80.77
485,10,2025-09-07,0.2,2.38,45.24,1,2,Night,79.53,80.66
486,11,2025-09-07,6.23,136.79,30.31,0,7,Morning,88.67,84.24
487,12,2025-09-07,10.02,213.4,19.9,0,7,Night,76.55,87.53
488,13,2025-09-07,0.71,10.41,11.38,2,6,Afternoon,81.68,92.41
489,14,2025-09-07,0.25,1.91,40.56,0,3,Morning,77.21,88.54
490,15,2025-09-07,0.14,1.46,27.61,2,10,Afternoon,93.08,87.62
491,16,2025-09-07,0.89,16.23,29.42,1,3,Morning,85.36,97.96
492,17,2025-09-07,7.65,178.86,10.14,0,7,Night,71.16,82.74
493,18,2025-09-07,9.0,216.4,33.53,0,9,Afternoon,80.15,89.72
494,19,2025-09-07,10.0,195.88,35.69,1,7,Night,86.21,94.79
495,20,2025-09-07,6.98,132.14,49.01,0,1,Night,79.33,97.08
496,21,2025-09-07,7.12,111.61,10.63,0,10,Morning,88.92,94.66
497,22,2025-09-07,8.15,195.16,25.99,0,7,Afternoon,92.08,89.63
498,23,2025-09-07,0.46,7.04,48.68,0,5,Night,89.69,81.79
499,24,2025-09-07,8.06,154.83,22.58,0,8,Morning,85.02,87.27
500,25,2025-09-07,7.37,117.82,43.57,0,6,Afternoon,83.41,99.42
501,1,2025-09-06,1.94,15.63,41.69,0,9,Afternoon,77.05,85.59
502,2,2025-09-06,0.25,2.6,14.49,0,3,Morning,80.96,99.05
503,3,2025-09-06,11.47,248.88,24.22,0,4,Morning,72.58,88.55
504,4,2025-09-06,7.46,139.52,29.51,0,5,Night,80.49,82.02
505,5,2025-09-06,6.94,108.63,14.39,0,7,Morning,86.01,90.83
506,6,2025-09-06,9.7,223.33,21.05,0,3,Night,70.53,85.34
507,7,2025-09-06,8.24,153.2,25.43,0,9,Night,90.86,83.83
508,8,2025-09-06,7.89,166.01,24.24,0,5,Afternoon,74.22,82.91
509,9,2025-09-06,1.18,7.64,29.41,0,5,Morning,74.93,93.35
510,10,2025-09-06,0.63,6.53,22.05,1,6,Afternoon,81.71,86.38
511,11,2025-09-06,9.85,164.46,23.83,0,10,Night,92.55,81.85
512,12,2025-09-06,9.96,232.0,21.06,1,5,Morning,84.69,82.84
513,13,2025-09-06,0.76,12.33,46.58,2,1,Night,83.16,90.85
514,14,2025-09-06,1.56,14.92,24.52,0,4,Morning,70.67,98.32
515,15,2025-09-06,0.72,13.32,17.5,0,8,Morning,93.85,80.54
516,16,2025-09-06,0.34,6.11,20.77,0,3,Night,81.22,95.83
517,17,2025-09-06,6.13,136.55,42.96,0,6,Night,83.82,94.04
518,18,2025-09-06,7.38,136.95,38.27,0,2,Night,84.31,81.99
519,19,2025-09-06,6.07,124.13,20.31,0,3,Morning,79.91,93.3
520,20,2025-09-06,9.84,190.14,11.16,0,2,Afternoon,84.17,84.55
521,21,2025-09-06,8.29,140.09,43.15,0,4,Night,90.71,91.41
522,22,2025-09-06,7.35,142.62,10.59,0,3,Night,79.62,92.46
523,23,2025-09-06,0.53,7.72,30.77,0,4,Night,88.42,99.02
524,24,2025-09-06,11.2,249.4,31.35,1,7,Morning,78.71,96.32
525,25,2025-09-06,7.33,156.24,19.49,0,6,Night,83.75,86.51
526,1,2025-09-05,1.87,12.31,14.57,0,7,Afternoon,78.32,83.1
527,2,2025-09-05,0.43,5.14,26.89,0,6,Night,86.62,97.21
528,3,2025-09-05,7.1,168.6,25.24,0,3,Afternoon,94.56,94.78
529,4,2025-09-05,9.94,212.66,28.8,0,8,Morning,70.24,90.28
530,5,2025-09-05,11.8,200.39,11.64,0,3,Morning,72.79,80.92
531,6,2025-09-05,8.53,196.97,20.27,0,7,Morning,94.75,99.04
532,7,2025-09-05,7.58,117.87,44.45,0,7,Afternoon,79.21,94.53
533,8,2025-09-05,8.04,198.47,17.92,0,5,Morning,73.3,80.33
534,9,2025-09-05,1.46,12.29,16.32,0,7,Morning,72.01,86.97
535,10,2025-09-05,0.5,5.18,19.03,0,4,Morning,84.32,97.19
536,11,2025-09-05,7.23,123.77,26.08,1,2,Morning,73.87,84.47
537,12,2025-09-05,7.81,190.52,44.27,0,8,Afternoon,71.65,92.69
538,13,2025-09-05,0.85,15.3,23.51,1,6,Morning,81.9,99.8
539,14,2025-09-05,0.09,0.78,46.99,0,8,Night,71.37,96.41
540,15,2025-09-05,0.77,12.69,15.93,1,9,Morning,90.22,97.8
541,16,2025-09-05,0.84,12.18,35.88,0,5,Afternoon,72.99,90.63
542,17,2025-09-05,8.73,163.12,24.94,0,4,Morning,84.22,88.88
543,18,2025-09-05,10.16,156.1,47.75,0,6,Afternoon,92.12,96.53
544,19,2025-09-05,11.91,198.28,40.51,0,8,Night,75.18,83.49
545,20,2025-09-05,9.3,178.07,42.25,1,7,Night,87.65,96.26
546,21,2025-09-05,9.22,208.37,49.5,0,3,Night,87.42,87.2
547,22,2025-09-05,10.02,246.04,16.46,0,3,Afternoon,78.55,91.72
548,23,2025-09-05,0.26,3.82,24.17,0,1,Afternoon,82.25,95.12
549,24,2025-09-05,7.3,157.55,40.55,0,1,Night,88.38,99.45
550,25,2025-09-05,6.36,107.95,15.25,0,6,Morning,81.27,96.03
551,1,2025-09-04,1.66,16.41,46.25,0,6,Night,85.41,81.43
552,2,2025-09-04,0.67,9.84,49.78,1,6,Morning,92.58,96.38
553,3,2025-09-04,10.92,223.76,14.06,0,9,Morning,89.49,94.83
554,4,2025-09-04,8.75,216.51,34.96,0,1,Afternoon,72.48,90.5
555,5,2025-09-04,8.0,136.46,44.58,0,7,Afternoon,85.0,94.62
556,6,2025-09-04,8.67,133.07,42.29,0,1,Morning,81.42,88.86
557,7,2025-09-04,10.07,182.61,23.89,0,10,Morning,81.23,99.82
558,8,2025-09-04,7.99,157.71,44.84,0,7,Morning,91.98,82.69
559,9,2025-09-04,0.36,2.27,34.65,0,10,Night,85.7,93.23
560,10,2025-09-04,0.42,6.69,31.95,1,3,Morning,80.24,91.16
561,11,2025-09-04,9.79,187.75,37.32,0,9,Afternoon,79.3,92.49
562,12,2025-09-04,9.1,218.8,41.91,0,9,Night,85.31,83.97
563,13,2025-09-04,0.45,4.65,40.65,1,9,Afternoon,77.81,83.74
564,14,2025-09-04,0.94,7.29,41.42,0,5,Night,75.04,83.46
565,15,2025-09-04,0.41,6.72,13.43,0,9,Morning,88.11,82.03
566,16,2025-09-04,0.37,5.85,15.96,0,10,Night,87.38,96.59
567,17,2025-09-04,9.07,150.36,22.42,0,9,Afternoon,81.34,82.81
568,18,2025-09-04,11.68,221.16,47.13,0,3,Morning,91.53,95.5
569,19,2025-09-04,6.29,139.96,47.09,0,2,Afternoon,78.16,99.81
570,20,2025-09-04,11.75,229.92,36.44,0,6,Afternoon,83.7,86.74
571,21,2025-09-04,6.41,127.86,49.21,1,7,Night,79.06,85.6
572,22,2025-09-04,9.17,203.64,21.17,1,4,Morning,84.23,89.04
573,23,2025-09-04,0.59,10.76,48.27,1,5,Afternoon,90.24,93.59
574,24,2025-09-04,7.69,142.92,41.75,0,8,Morning,80.73,83.5
575,25,2025-09-04,9.76,176.93,48.4,0,6,Night,85.82,90.33
576,1,2025-09-03,0.97,9.34,13.75,0,7,Morning,77.16,83.64
577,2,2025-09-03,0.45,8.0,33.48,0,3,Afternoon,70.26,95.92
578,3,2025-09-03,8.9,199.16,25.3,0,10,Morning,86.96,81.32
579,4,2025-09-03,6.12,127.28,24.05,0,5,Afternoon,76.43,89.37
580,5,2025-09-03,8.39,161.48,25.44,0,7,Night,92.08,89.1
581,6,2025-09-03,7.8,166.38,27.31,0,9,Night,90.58,92.14
582,7,2025-09-03,7.08,142.01,42.43,0,5,Morning,72.14,81.86
583,8,2025-09-03,9.16,215.14,13.93,0,10,Night,77.89,83.34
584,9,2025-09-03,0.7,4.91,28.14,0,4,Night,94.48,93.2
585,10,2025-09-03,0.83,13.68,45.55,0,2,Night,92.14,94.86
586,11,2025-09-03,7.87,173.38,38.23,0,1,Afternoon,81.51,93.24
587,12,2025-09-03,11.76,179.22,31.32,0,2,Morning,91.13,97.47
588,13,2025-09-03,0.13,1.39,21.14,1,1,Morning,76.34,87.31
589,14,2025-09-03,0.25,1.43,18.64,0,2,Morning,83.51,86.06
590,15,2025-09-03,0.48,5.9,13.11,0,7,Morning,81.7,86.81
591,16,2025-09-03,0.04,0.68,43.12,2,4,Night,89.02,96.63
592,17,2025-09-03,7.54,147.34,11.89,0,7,Afternoon,72.99,97.33
593,18,2025-09-03,6.6,135.47,21.05,0,8,Afternoon,87.23,92.93
594,19,2025-09-03,8.77,211.27,15.74,0,2,Night,89.66,86.35
595,20,2025-09-03,7.16,143.64,19.24,0,9,Night,94.47,95.44
596,21,2025-09-03,7.3,129.08,35.35,0,5,Morning,89.49,86.9
597,22,2025-09-03,8.91,152.61,19.48,0,4,Morning,94.32,98.9
598,23,2025-09-03,0.24,4.27,10.9,0,7,Afternoon,71.55,80.5
599,24,2025-09-03,8.92,181.34,29.14,0,7,Afternoon,79.78,97.16
600,25,2025-09-03,7.07,167.78,39.58,0,3,Afternoon,79.21,85.08
601,1,2025-09-02,1.52,9.01,24.09,0,6,Morning,77.76,80.92
602,2,2025-09-02,0.62,6.64,28.92,1,6,Night,78.9,93.76
603,3,2025-09-02,11.14,243.26,44.8,0,1,Night,89.24,97.41
604,4,2025-09-02,9.53,226.74,14.47,0,3,Morning,78.69,89.09
605,5,2025-09-02,9.4,197.53,38.42,1,4,Afternoon,75.99,95.77
606,6,2025-09-02,6.5,157.19,28.56,0,5,Night,87.43,89.75
607,7,2025-09-02,7.7,117.48,25.92,0,4,Morning,91.72,85.39
608,8,2025-09-02,8.68,171.17,16.05,0,9,Afternoon,88.04,88.8
609,9,2025-09-02,0.14,0.82,11.01,0,5,Night,84.85,85.13
610,10,2025-09-02,0.7,13.99,14.38,2,1,Morning,91.19,92.09
611,11,2025-09-02,6.05,113.93,44.64,0,10,Afternoon,75.68,98.11
612,12,2025-09-02,8.67,199.02,22.87,0,1,Night,74.79,90.43
613,13,2025-09-02,0.51,8.45,28.05,0,4,Morning,90.02,92.27
614,14,2025-09-02,1.27,11.26,27.06,0,6,Afternoon,93.86,91.3
615,15,2025-09-02,0.68,7.88,36.63,0,7,Night,72.33,87.27
616,16,2025-09-02,0.13,2.42,47.64,0,7,Afternoon,81.61,95.44
617,17,2025-09-02,8.71,135.55,27.81,0,1,Afternoon,79.85,89.98
618,18,2025-09-02,7.16,110.55,25.32,0,2,Morning,76.14,90.31
619,19,2025-09-02,8.87,139.13,15.13,0,2,Morning,85.72,85.93
620,20,2025-09-02,10.25,222.74,40.13,0,8,Morning,74.97,93.76
621,21,2025-09-02,7.93,196.15,35.73,0,4,Afternoon,79.9,97.06
622,22,2025-09-02,7.84,163.76,41.73,0,6,Night,72.76,91.48
623,23,2025-09-02,0.18,2.49,27.46,2,10,Afternoon,70.07,88.8
624,24,2025-09-02,8.15,141.61,41.15,0,5,Morning,82.92,91.74
625,25,2025-09-02,6.23,125.21,44.83,1,9,Morning,80.16,82.23
626,1,2025-09-01,0.52,3.61,24.19,0,6,Night,91.68,89.97
627,2,2025-09-01,0.44,7.81,37.67,2,5,Morning,85.74,81.15
628,3,2025-09-01,8.53,133.41,26.31,1,5,Night,83.2,80.58
629,4,2025-09-01,9.79,168.19,15.57,1,2,Afternoon,91.19,91.26
630,5,2025-09-01,10.33,242.63,26.53,0,4,Afternoon,92.04,95.88
631,6,2025-09-01,6.47,156.05,14.82,0,4,Afternoon,78.57,96.23
632,7,2025-09-01,10.28,160.45,13.42,0,5,Morning,88.48,85.53
633,8,2025-09-01,8.3,168.44,42.07,0,1,Night,74.88,94.91
634,9,2025-09-01,1.44,12.58,10.26,0,4,Morning,80.86,82.53
635,10,2025-09-01,0.19,3.11,22.82,0,10,Morning,79.96,91.82
636,11,2025-09-01,6.19,100.95,14.67,0,9,Morning,89.15,85.42
637,12,2025-09-01,9.12,189.95,28.53,0,9,Morning,83.61,80.2
638,13,2025-09-01,0.02,0.17,46.62,2,9,Night,91.03,87.31
639,14,2025-09-01,1.92,14.65,21.13,0,9,Night,71.25,80.96
640,15,2025-09-01,0.79,13.31,13.97,0,3,Morning,88.04,91.48
641,16,2025-09-01,0.58,7.58,11.88,1,4,Morning,91.92,87.22
642,17,2025-09-01,6.7,109.28,17.7,0,3,Afternoon,75.11,98.65
643,18,2025-09-01,10.05,176.35,39.07,1,5,Night,76.64,98.23
644,19,2025-09-01,7.17,113.94,44.63,1,1,Afternoon,74.42,85.5
645,20,2025-09-01,7.63,116.41,49.38,1,6,Morning,85.08,91.91
646,21,2025-09-01,11.75,235.74,33.6,1,4,Night,75.31,90.1
647,22,2025-09-01,6.18,112.21,18.11,1,3,Morning,73.62,98.85
648,23,2025-09-01,0.56,9.73,31.25,0,1,Afternoon,71.27,87.89
649,24,2025-09-01,6.48,99.77,42.45,1,8,Night,75.92,93.02
650,25,2025-09-01,8.55,140.95,24.47,0,6,Morning,93.84,87.99
651,1,2025-08-31,0.34,2.71,24.92,0,10,Morning,87.0,85.45
652,2,2025-08-31,0.8,11.11,37.66,2,4,Afternoon,90.78,80.11
653,3,2025-08-31,9.76,170.44,19.82,1,1,Afternoon,90.63,86.69
654,4,2025-08-31,9.81,238.2,14.65,0,5,Morning,79.16,98.67
655,5,2025-08-31,6.2,142.56,45.34,0,3,Afternoon,83.43,92.64
656,6,2025-08-31,10.05,249.47,45.41,0,8,Morning,74.22,95.83
657,7,2025-08-31,8.37,197.94,31.9,0,3,Night,77.5,90.73
658,8,2025-08-31,11.49,255.97,27.76,0,5,Night,88.24,98.96
659,9,2025-08-31,0.34,3.2,26.67,0,2,Night,81.87,93.8
660,10,2025-08-31,0.84,14.94,39.55,2,6,Morning,72.92,91.66
661,11,2025-08-31,7.17,143.59,29.59,0,8,Afternoon,71.33,93.05
662,12,2025-08-31,11.4,274.56,32.87,0,5,Night,86.96,84.65
663,13,2025-08-31,0.18,2.45,36.48,1,3,Afternoon,83.23,81.88
664,14,2025-08-31,0.72,7.11,17.61,0,10,Night,73.82,99.7
665,15,2025-08-31,0.05,0.63,17.66,2,6,Afternoon,80.85,97.64
666,16,2025-08-31,0.78,14.12,22.59,1,1,Night,73.26,95.22
667,17,2025-08-31,11.26,191.22,10.22,1,5,Morning,89.44,88.12
668,18,2025-08-31,10.03,246.8,30.4,1,7,Afternoon,72.44,85.89
669,19,2025-08-31,7.04,128.25,43.18,0,6,Afternoon,73.47,86.76
670,20,2025-08-31,11.51,235.69,39.74,0,7,Night,86.21,82.69
671,21,2025-08-31,6.61,129.76,24.42,0,9,Night,90.55,94.79
672,22,2025-08-31,11.8,209.35,30.04,0,6,Morning,71.72,97.74
673,23,2025-08-31,0.51,6.74,34.1,2,9,Night,90.64,92.48
674,24,2025-08-31,10.11,158.3,33.91,0,5,Night,80.4,80.57
675,25,2025-08-31,9.74,223.84,43.94,0,6,Night,93.92,81.29
676,1,2025-08-30,1.61,14.2,33.43,0,10,Morning,87.57,92.73
677,2,2025-08-30,0.95,16.78,49.26,0,10,Morning,70.35,99.28
678,3,2025-08-30,7.17,177.55,23.58,1,10,Morning,75.76,87.45
679,4,2025-08-30,11.75,217.82,40.54,0,7,Afternoon,72.32,91.41
680,5,2025-08-30,6.49,105.2,14.43,0,7,Morning,92.71,87.18
681,6,2025-08-30,7.21,116.19,37.31,1,10,Night,79.85,95.6
682,7,2025-08-30,9.94,232.5,22.51,0,10,Morning,92.2,84.26
683,8,2025-08-30,8.67,175.33,42.53,0,6,Morning,81.72,99.08
684,9,2025-08-30,0.57,5.08,31.42,0,1,Morning,93.2,83.28
685,10,2025-08-30,0.88,16.9,28.51,0,9,Night,77.81,82.74
686,11,2025-08-30,11.05,184.33,47.45,1,4,Morning,76.38,94.98
687,12,2025-08-30,9.26,170.39,17.66,0,2,Night,75.64,82.98
688,13,2025-08-30,0.61,11.18,42.71,2,7,Morning,71.41,87.32
689,14,2025-08-30,0.45,3.14,39.49,0,1,Afternoon,74.56,96.42
690,15,2025-08-30,0.64,8.37,38.1,2,1,Morning,73.91,98.8
691,16,2025-08-30,0.06,0.95,32.88,0,1,Afternoon,87.14,86.83
692,17,2025-08-30,9.91,150.63,33.68,1,9,Night,76.65,90.68
693,18,2025-08-30,8.77,138.25,44.06,0,7,Morning,82.08,82.02
694,19,2025-08-30,9.53,157.03,15.25,0,9,Night,92.09,96.84
695,20,2025-08-30,10.51,233.81,48.14,0,7,Night,76.0,81.24
696,21,2025-08-30,11.99,251.38,32.32,1,5,Afternoon,80.77,92.96
697,22,2025-08-30,11.7,193.14,28.34,1,5,Afternoon,93.84,88.49
698,23,2025-08-30,0.94,17.25,29.27,2,3,Night,85.89,96.15
699,24,2025-08-30,8.42,156.72,48.89,0,2,Night,85.8,97.98
700,25,2025-08-30,10.0,227.68,27.48,0,9,Morning,71.4,87.8
701,1,2025-08-29,0.65,4.2,45.34,0,1,Night,75.82,81.72
702,2,2025-08-29,0.93,11.71,40.3,2,6,Afternoon,85.07,97.75
703,3,2025-08-29,6.74,133.28,22.11,0,2,Morning,77.69,90.89
704,4,2025-08-29,11.03,246.07,45.36,0,10,Afternoon,72.29,93.29
705,5,2025-08-29,9.86,172.91,36.81,0,2,Night,80.95,85.18
706,6,2025-08-29,11.24,207.95,44.35,0,9,Afternoon,81.43,85.66
707,7,2025-08-29,9.45,181.01,49.46,1,5,Afternoon,73.27,85.41
708,8,2025-08-29,9.85,208.7,23.05,0,7,Night,85.17,93.64
709,9,2025-08-29,1.61,13.44,34.61,0,6,Night,74.18,95.0
710,10,2025-08-29,0.16,2.67,47.59,1,4,Morning,70.33,99.35
711,11,2025-08-29,8.94,159.5,20.91,0,5,Afternoon,77.98,91.73
712,12,2025-08-29,10.07,151.05,30.98,1,6,Afternoon,82.82,80.23
713,13,2025-08-29,0.07,1.18,24.03,1,5,Afternoon,88.72,86.34
714,14,2025-08-29,0.7,4.07,11.31,0,1,Morning,81.82,94.77
715,15,2025-08-29,0.49,9.01,27.35,0,10,Afternoon,81.36,88.96
716,16,2025-08-29,0.1,1.56,30.09,2,1,Afternoon,88.75,88.36
717,17,2025-08-29,7.17,111.57,41.8,0,2,Morning,75.6,94.41
718,18,2025-08-29,10.56,189.92,46.76,0,10,Morning,70.79,85.06
719,19,2025-08-29,10.07,188.89,30.26,1,7,Morning,78.41,91.44
720,20,2025-08-29,11.58,237.91,13.15,1,10,Afternoon,79.3,88.32
721,21,2025-08-29,10.89,266.37,25.74,1,10,Afternoon,74.87,88.61
722,22,2025-08-29,10.34,175.96,21.4,1,10,Night,82.46,85.72
723,23,2025-08-29,0.52,7.89,48.42,1,8,Night,77.3,83.73
724,24,2025-08-29,6.77,116.67,49.19,1,9,Morning,93.39,97.94
725,25,2025-08-29,11.21,258.63,32.56,0,3,Night,83.47,80.94
726,1,2025-08-28,0.82,4.14,34.95,0,1,Morning,75.79,94.43
727,2,2025-08-28,0.19,3.79,37.21,0,1,Afternoon,90.02,90.76
728,3,2025-08-28,8.46,128.73,22.28,1,9,Morning,92.26,90.91
729,4,2025-08-28,9.88,192.33,39.53,0,7,Afternoon,85.65,92.14
730,5,2025-08-28,6.2,140.59,13.45,0,8,Night,94.61,91.94
731,6,2025-08-28,11.72,226.1,33.84,0,8,Afternoon,91.94,98.3
732,7,2025-08-28,6.13,102.01,27.83,0,5,Night,83.09,91.61
733,8,2025-08-28,6.62,115.97,30.09,1,5,Afternoon,80.09,92.31
734,9,2025-08-28,0.7,4.5,21.81,0,3,Morning,83.28,98.26
735,10,2025-08-28,0.03,0.48,10.63,1,8,Night,78.73,93.79
736,11,2025-08-28,6.04,108.96,42.66,0,7,Night,86.62,93.44
737,12,2025-08-28,8.75,157.46,29.63,0,5,Morning,90.75,94.95
738,13,2025-08-28,0.05,0.53,27.9,0,6,Morning,82.29,86.62
739,14,2025-08-28,0.79,6.38,40.55,0,3,Morning,77.39,89.45
740,15,2025-08-28,0.3,3.69,41.13,0,8,Night,82.91,87.46
741,16,2025-08-28,0.06,0.81,47.16,0,2,Afternoon,80.01,99.09
742,17,2025-08-28,11.55,182.51,11.03,1,7,Morning,90.07,85.05
743,18,2025-08-28,9.44,208.63,12.83,0,1,Afternoon,78.48,97.94
744,19,2025-08-28,9.33,208.76,30.92,0,4,Afternoon,82.45,91.58
745,20,2025-08-28,8.75,196.08,14.28,0,2,Night,92.36,87.84
746,21,2025-08-28,9.57,150.88,49.57,1,3,Night,90.3,86.03
747,22,2025-08-28,11.18,193.66,15.13,1,4,Afternoon,89.81,93.18
748,23,2025-08-28,0.89,12.16,31.96,2,2,Morning,77.11,92.78
749,24,2025-08-28,10.19,178.41,43.18,0,2,Afternoon,72.63,81.81
750,25,2025-08-28,11.16,248.8,11.35,0,6,Morning,92.62,81.18
